534.562325,534.571653,534.599564,534.645843,534.710134,534.791944,534.890651,535.005509,535.13566,535.280144,535.437906,535.607814,535.78867,535.979218,536.178164,536.384189,536.595955,536.812126,537.031375,537.252397,537.473922,537.694718,537.913608,538.129473,538.341259,538.547981,538.74873,538.942674,539.129061,539.307216,539.476544,539.636523,539.786708,539.926721,540.056247,540.175033,540.282874,540.379615,540.465137,540.539357,540.602216,540.653677,540.693716,540.722321,540.739486,540.745208,540.739486,540.722321,540.693716,540.653677,540.602216,540.539357,540.465137,540.379615,540.282874,540.175033,540.056247,539.926721,539.786708,539.636523,539.476544,539.307216,539.129061,538.942674,538.74873,538.547981,538.341259,538.129473,537.913608,537.694718,537.473922,537.252397,537.031375,536.812126,536.595955,536.384189,536.178164,535.979218,535.78867,535.607814,535.437906,535.280144,535.13566,535.005509,534.890651,534.791944,534.710134,534.645843,534.599564,534.571653,534.562325
534.614821,534.624145,534.652047,534.69831,534.762579,534.84436,534.94303,535.057846,535.187947,535.332373,535.490071,535.659907,535.840682,536.031142,536.229992,536.435911,536.647564,536.863614,537.082733,537.303617,537.524995,537.745638,537.964367,538.180064,538.391676,538.598218,538.798784,538.992542,539.17874,539.356705,539.525842,539.685634,539.835635,539.975468,540.104821,540.223442,540.331128,540.427725,540.513116,540.58722,540.649978,540.701354,540.741327,540.769884,540.787019,540.792731,540.787019,540.769884,540.741327,540.701354,540.649978,540.58722,540.513116,540.427725,540.331128,540.223442,540.104821,539.975468,539.835635,539.685634,539.525842,539.356705,539.17874,538.992542,538.798784,538.598218,538.391676,538.180064,537.964367,537.745638,537.524995,537.303617,537.082733,536.863614,536.647564,536.435911,536.229992,536.031142,535.840682,535.659907,535.490071,535.332373,535.187947,535.057846,534.94303,534.84436,534.762579,534.69831,534.652047,534.624145,534.614821
534.772093,534.781408,534.809281,534.855497,534.919698,535.001392,535.099955,535.214642,535.344594,535.488849,535.646353,535.815973,535.996507,536.186703,536.385264,536.59087,536.802184,537.017869,537.236599,537.45707,537.67801,537.898192,538.11644,538.331635,538.542726,538.748733,538.94875,539.141948,539.32758,539.504976,539.673546,539.832775,539.982223,540.121519,540.250354,540.368481,540.475703,540.57187,540.65687,540.730624,540.79308,540.844204,540.883977,540.91239,540.929439,540.935121,540.929439,540.91239,540.883977,540.844204,540.79308,540.730624,540.65687,540.57187,540.475703,540.368481,540.250354,540.121519,539.982223,539.832775,539.673546,539.504976,539.32758,539.141948,538.94875,538.748733,538.542726,538.331635,538.11644,537.898192,537.67801,537.45707,537.236599,537.017869,536.802184,536.59087,536.385264,536.186703,535.996507,535.815973,535.646353,535.488849,535.344594,535.214642,535.099955,535.001392,534.919698,534.855497,534.809281,534.781408,534.772093
535.033497,535.042796,535.070622,535.116758,535.180848,535.262397,535.360782,535.475257,535.604962,535.748933,535.906116,536.075376,536.255512,536.445269,536.643351,536.848436,537.059188,537.274269,537.492354,537.712138,537.932353,538.151772,538.369219,538.583581,538.79381,538.998927,539.198032,539.390303,539.574996,539.751448,539.919076,540.077372,540.225903,540.364307,540.492283,540.60959,540.716042,540.811494,540.895844,540.96902,541.030974,541.081679,541.121121,541.149295,541.166199,541.171833,541.166199,541.149295,541.121121,541.081679,541.030974,540.96902,540.895844,540.811494,540.716042,540.60959,540.492283,540.364307,540.225903,540.077372,539.919076,539.751448,539.574996,539.390303,539.198032,538.998927,538.79381,538.583581,538.369219,538.151772,537.932353,537.712138,537.492354,537.274269,537.059188,536.848436,536.643351,536.445269,536.255512,536.075376,535.906116,535.748933,535.604962,535.475257,535.360782,535.262397,535.180848,535.116758,535.070622,535.042796,535.033497
535.397959,535.407237,535.434997,535.481022,535.544957,535.626305,535.724443,535.838623,535.967983,536.11156,536.268297,536.437058,536.61664,536.805787,537.003204,537.207565,537.417536,537.631777,537.848965,538.067796,538.287002,538.505359,538.721695,538.934898,539.143926,539.347807,539.545645,539.736625,539.920012,540.095151,540.261469,540.418467,540.565724,540.702886,540.829666,540.945835,541.051214,541.145673,541.229119,541.301488,541.362744,541.412867,541.451849,541.47969,541.496392,541.50196,541.496392,541.47969,541.451849,541.412867,541.362744,541.301488,541.229119,541.145673,541.051214,540.945835,540.829666,540.702886,540.565724,540.418467,540.261469,540.095151,539.920012,539.736625,539.545645,539.347807,539.143926,538.934898,538.721695,538.505359,538.287002,538.067796,537.848965,537.631777,537.417536,537.207565,537.003204,536.805787,536.61664,536.437058,536.268297,536.11156,535.967983,535.838623,535.724443,535.626305,535.544957,535.481022,535.434997,535.407237,535.397959
535.863979,535.873229,535.900905,535.946791,536.010528,536.091621,536.189444,536.303248,536.432171,536.575245,536.731414,536.899539,537.078417,537.266789,537.463357,537.666797,537.875773,538.088946,538.304991,538.522607,538.740528,538.957533,539.172452,539.38418,539.591679,539.793984,539.990208,540.179543,540.361266,540.534732,540.699379,540.854724,541.000356,541.135936,541.261192,541.375908,541.479921,541.573114,541.655407,541.726749,541.787115,541.836495,541.87489,541.902307,541.918753,541.924234,541.918753,541.902307,541.87489,541.836495,541.787115,541.726749,541.655407,541.573114,541.479921,541.375908,541.261192,541.135936,541.000356,540.854724,540.699379,540.534732,540.361266,540.179543,539.990208,539.793984,539.591679,539.38418,539.172452,538.957533,538.740528,538.522607,538.304991,538.088946,537.875773,537.666797,537.463357,537.266789,537.078417,536.899539,536.731414,536.575245,536.432171,536.303248,536.189444,536.091621,536.010528,535.946791,535.900905,535.873229,535.863979
536.429633,536.438849,536.466424,536.51214,536.575639,536.656424,536.753868,536.867219,536.995613,537.138082,537.293566,537.460924,537.638951,537.826386,538.021931,538.224259,538.432033,538.643915,538.858581,539.074731,539.2911,539.506471,539.719679,539.929625,540.135276,540.335677,540.52995,540.717299,540.89701,541.068454,541.231083,541.384427,541.528095,541.661763,541.785177,541.898136,542.000498,542.09216,542.173058,542.243158,542.302448,542.35093,542.388615,542.415519,542.431655,542.437032,542.431655,542.415519,542.388615,542.35093,542.302448,542.243158,542.173058,542.09216,542.000498,541.898136,541.785177,541.661763,541.528095,541.384427,541.231083,541.068454,540.89701,540.717299,540.52995,540.335677,540.135276,539.929625,539.719679,539.506471,539.2911,539.074731,538.858581,538.643915,538.432033,538.224259,538.021931,537.826386,537.638951,537.460924,537.293566,537.138082,536.995613,536.867219,536.753868,536.656424,536.575639,536.51214,536.466424,536.438849,536.429633
537.092576,537.101753,537.12921,537.17473,537.237952,537.318379,537.41538,537.528204,537.655984,537.797748,537.952434,538.1189,538.295937,538.482282,538.676635,538.877669,539.084044,539.294423,539.507483,539.721924,539.936485,540.149953,540.361168,540.569036,540.772535,540.970717,541.162716,541.347748,541.525114,541.6942,541.854475,542.005489,542.146866,542.278304,542.399568,542.51048,542.610914,542.70079,542.780062,542.848713,542.906748,542.954182,542.991039,543.017344,543.033118,543.038374,543.033118,543.017344,542.991039,542.954182,542.906748,542.848713,542.780062,542.70079,542.610914,542.51048,542.399568,542.278304,542.146866,542.005489,541.854475,541.6942,541.525114,541.347748,541.162716,540.970717,540.772535,540.569036,540.361168,540.149953,539.936485,539.721924,539.507483,539.294423,539.084044,538.877669,538.676635,538.482282,538.295937,538.1189,537.952434,537.797748,537.655984,537.528204,537.41538,537.318379,537.237952,537.17473,537.12921,537.101753,537.092576
537.850048,537.859181,537.886505,537.931802,537.994711,538.074731,538.171233,538.28346,538.410543,538.551509,538.705292,538.870746,539.046661,539.231771,539.424774,539.62434,539.829129,540.037805,540.249042,540.461546,540.674057,540.885365,541.094318,541.299829,541.500885,541.696548,541.885966,542.068368,542.243072,542.409481,542.567083,542.715448,542.854223,542.983129,543.101951,543.210536,543.308781,543.396628,543.474052,543.541057,543.597664,543.643908,543.679824,543.705449,543.720811,543.725929,543.720811,543.705449,543.679824,543.643908,543.597664,543.541057,543.474052,543.396628,543.308781,543.210536,543.101951,542.983129,542.854223,542.715448,542.567083,542.409481,542.243072,542.068368,541.885966,541.696548,541.500885,541.299829,541.094318,540.885365,540.674057,540.461546,540.249042,540.037805,539.829129,539.62434,539.424774,539.231771,539.046661,538.870746,538.705292,538.551509,538.410543,538.28346,538.171233,538.074731,537.994711,537.931802,537.886505,537.859181,537.850048
538.698879,538.707962,538.735139,538.780189,538.84275,538.922321,539.018268,539.129833,539.256144,539.396224,539.549005,539.713338,539.888007,540.071747,540.26325,540.461187,540.664216,540.870998,541.080213,541.290563,541.500796,541.709705,541.916144,542.119035,542.317375,542.510238,542.696784,542.876261,543.048004,543.211435,543.366063,543.511482,543.647362,543.773448,543.889553,543.995548,544.091355,544.176943,544.252309,544.317481,544.3725,544.417417,544.452286,544.477153,544.492057,544.497022,544.492057,544.477153,544.452286,544.417417,544.3725,544.317481,544.252309,544.176943,544.091355,543.995548,543.889553,543.773448,543.647362,543.511482,543.366063,543.211435,543.048004,542.876261,542.696784,542.510238,542.317375,542.119035,541.916144,541.709705,541.500796,541.290563,541.080213,540.870998,540.664216,540.461187,540.26325,540.071747,539.888007,539.713338,539.549005,539.396224,539.256144,539.129833,539.018268,538.922321,538.84275,538.780189,538.735139,538.707962,538.698879
539.635494,539.644524,539.67154,539.716321,539.778504,539.857584,539.952926,540.06377,540.189239,540.328354,540.480042,540.643151,540.816462,540.998706,541.188573,541.384732,541.585838,541.790555,541.997559,542.205558,542.413302,542.619589,542.823281,543.023308,543.218677,543.408478,543.591885,543.768163,543.936665,544.096838,544.248212,544.390406,544.523116,544.646117,544.759246,544.862405,544.955544,545.038658,545.111771,545.174935,545.228214,545.271679,545.3054,545.329437,545.343839,545.348637,545.343839,545.329437,545.3054,545.271679,545.228214,545.174935,545.111771,545.038658,544.955544,544.862405,544.759246,544.646117,544.523116,544.390406,544.248212,544.096838,543.936665,543.768163,543.591885,543.408478,543.218677,543.023308,542.823281,542.619589,542.413302,542.205558,541.997559,541.790555,541.585838,541.384732,541.188573,540.998706,540.816462,540.643151,540.480042,540.328354,540.189239,540.06377,539.952926,539.857584,539.778504,539.716321,539.67154,539.644524,539.635494
540.655925,540.664897,540.69174,540.736233,540.798008,540.876562,540.971255,541.081324,541.205888,541.343966,541.494479,541.656272,541.828124,542.008759,542.196866,542.391111,542.590149,542.792641,542.997266,543.202733,543.407796,543.611258,543.811989,544.008929,544.201097,544.387596,544.567617,544.740444,544.905452,545.062108,545.209971,545.348684,545.477974,545.597642,545.707559,545.807656,545.897913,545.978354,546.049034,546.110029,546.161428,546.203325,546.235805,546.258946,546.272806,546.277422,546.272806,546.258946,546.235805,546.203325,546.161428,546.110029,546.049034,545.978354,545.897913,545.807656,545.707559,545.597642,545.477974,545.348684,545.209971,545.062108,544.905452,544.740444,544.567617,544.387596,544.201097,544.008929,543.811989,543.611258,543.407796,543.202733,542.997266,542.792641,542.590149,542.391111,542.196866,542.008759,541.828124,541.656272,541.494479,541.343966,541.205888,541.081324,540.971255,540.876562,540.798008,540.736233,540.69174,540.664897,540.655925
541.755814,541.764725,541.791385,541.835571,541.896916,541.974911,542.068916,542.178162,542.301768,542.438744,542.588011,542.748408,542.918709,543.097636,543.283874,543.476086,543.672926,543.873053,544.075148,544.277922,544.480132,544.680588,544.878168,545.071822,545.260581,545.443562,545.619976,545.789126,545.950409,546.103317,546.247435,546.382436,546.508078,546.624192,546.730682,546.827511,546.914693,546.992282,547.060365,547.119045,547.168438,547.208659,547.239815,547.261999,547.275281,547.279703,547.275281,547.261999,547.239815,547.208659,547.168438,547.119045,547.060365,546.992282,546.914693,546.827511,546.730682,546.624192,546.508078,546.382436,546.247435,546.103317,545.950409,545.789126,545.619976,545.443562,545.260581,545.071822,544.878168,544.680588,544.480132,544.277922,544.075148,543.873053,543.672926,543.476086,543.283874,543.097636,542.918709,542.748408,542.588011,542.438744,542.301768,542.178162,542.068916,541.974911,541.896916,541.835571,541.791385,541.764725,541.755814
542.930428,542.939275,542.965744,543.009609,543.070502,543.147912,543.241195,543.34958,543.472179,543.608001,543.755961,543.914893,544.083566,544.2607,544.444975,544.635051,544.82958,545.027222,545.226657,545.426598,545.625807,545.8231,546.017362,546.207555,546.392722,546.571999,546.744611,546.909884,547.067239,547.216195,547.356363,547.487449,547.60924,547.721604,547.824476,547.917856,548.00179,548.076368,548.141707,548.197942,548.245216,548.283668,548.313426,548.334599,548.347268,548.351486,548.347268,548.334599,548.313426,548.283668,548.245216,548.197942,548.141707,548.076368,548.00179,547.917856,547.824476,547.721604,547.60924,547.487449,547.356363,547.216195,547.067239,546.909884,546.744611,546.571999,546.392722,546.207555,546.017362,545.8231,545.625807,545.426598,545.226657,545.027222,544.82958,544.635051,544.444975,544.2607,544.083566,543.914893,543.755961,543.608001,543.472179,543.34958,543.241195,543.147912,543.070502,543.009609,542.965744,542.939275,542.930428
544.17467,544.183451,544.209721,544.253254,544.313679,544.390483,544.483017,544.590509,544.712065,544.846689,544.993291,545.150702,545.317686,545.492957,545.675191,545.863047,546.055173,546.250229,546.446895,546.643887,546.83997,547.033967,547.224772,547.411357,547.592779,547.76819,547.936836,548.098063,548.251318,548.396145,548.532189,548.659183,548.776951,548.885394,548.984485,549.074257,549.154796,549.226225,549.288694,549.342372,549.387428,549.424028,549.452323,549.472438,549.484468,549.488471,549.484468,549.472438,549.452323,549.424028,549.387428,549.342372,549.288694,549.226225,549.154796,549.074257,548.984485,548.885394,548.776951,548.659183,548.532189,548.396145,548.251318,548.098063,547.936836,547.76819,547.592779,547.411357,547.224772,547.033967,546.83997,546.643887,546.446895,546.250229,546.055173,545.863047,545.675191,545.492957,545.317686,545.150702,544.993291,544.846689,544.712065,544.590509,544.483017,544.390483,544.313679,544.253254,544.209721,544.183451,544.17467
545.483091,545.491805,545.517871,545.561063,545.621008,545.69719,545.788957,545.895531,546.016016,546.14941,546.294619,546.450466,546.615713,546.789067,546.969203,547.154772,547.344425,547.536816,547.730628,547.92458,548.117438,548.308034,548.49527,548.678129,548.855683,549.027099,549.191644,549.348687,549.497699,549.638256,549.770029,549.892788,550.00639,550.110772,550.205945,550.29198,550.369,550.437164,550.496659,550.547684,550.590441,550.625122,550.651899,550.670916,550.682282,550.686063,550.682282,550.670916,550.651899,550.625122,550.590441,550.547684,550.496659,550.437164,550.369,550.29198,550.205945,550.110772,550.00639,549.892788,549.770029,549.638256,549.497699,549.348687,549.191644,549.027099,548.855683,548.678129,548.49527,548.308034,548.117438,547.92458,547.730628,547.536816,547.344425,547.154772,546.969203,546.789067,546.615713,546.450466,546.294619,546.14941,546.016016,545.895531,545.788957,545.69719,545.621008,545.561063,545.517871,545.491805,545.483091
546.849908,546.858553,546.884412,546.927258,546.986716,547.062266,547.153254,547.258896,547.378293,547.510436,547.654227,547.808484,547.971962,548.143364,548.321361,548.504601,548.691729,548.881402,549.0723,549.263145,549.452709,549.639827,549.823412,550.002457,550.17605,550.343375,550.503718,550.656473,550.801136,550.937311,551.064703,551.183115,551.292439,551.392651,551.4838,551.565996,551.639399,551.704208,551.760645,551.808943,551.849336,551.882043,551.907259,551.925148,551.935831,551.939384,551.935831,551.925148,551.907259,551.882043,551.849336,551.808943,551.760645,551.704208,551.639399,551.565996,551.4838,551.392651,551.292439,551.183115,551.064703,550.937311,550.801136,550.656473,550.503718,550.343375,550.17605,550.002457,549.823412,549.639827,549.452709,549.263145,549.0723,548.881402,548.691729,548.504601,548.321361,548.143364,547.971962,547.808484,547.654227,547.510436,547.378293,547.258896,547.153254,547.062266,546.986716,546.927258,546.884412,546.858553,546.849908
548.269016,548.277592,548.303244,548.345742,548.40471,548.479626,548.56983,548.674536,548.792838,548.923723,549.066086,549.21874,549.380435,549.549869,549.725707,549.906594,550.091172,550.278097,550.466048,550.653749,550.839976,551.023571,551.203454,551.378632,551.548205,551.711376,551.867451,552.015848,552.156089,552.287809,552.410744,552.524731,552.629701,552.725667,552.812716,552.891,552.960718,553.022106,553.075425,553.120943,553.158925,553.189618,553.213243,553.229981,553.239967,553.243286,553.239967,553.229981,553.213243,553.189618,553.158925,553.120943,553.075425,553.022106,552.960718,552.891,552.812716,552.725667,552.629701,552.524731,552.410744,552.287809,552.156089,552.015848,551.867451,551.711376,551.548205,551.378632,551.203454,551.023571,550.839976,550.653749,550.466048,550.278097,550.091172,549.906594,549.725707,549.549869,549.380435,549.21874,549.066086,548.923723,548.792838,548.674536,548.56983,548.479626,548.40471,548.345742,548.303244,548.277592,548.269016
549.734013,549.74252,549.767966,549.810119,549.868601,549.942885,550.032311,550.136085,550.253296,550.382928,550.523868,550.674925,550.834841,551.00231,551.17599,551.354524,551.536551,551.720723,551.905721,552.09027,552.273148,552.453206,552.629371,552.800661,552.966191,553.125181,553.276959,553.420965,553.55675,553.683977,553.802416,553.911938,554.012512,554.104188,554.187097,554.261427,554.327419,554.385349,554.435515,554.478221,554.513764,554.54242,554.564433,554.580006,554.589288,554.592371,554.589288,554.580006,554.564433,554.54242,554.513764,554.478221,554.435515,554.385349,554.327419,554.261427,554.187097,554.104188,554.012512,553.911938,553.802416,553.683977,553.55675,553.420965,553.276959,553.125181,552.966191,552.800661,552.629371,552.453206,552.273148,552.09027,551.905721,551.720723,551.536551,551.354524,551.17599,551.00231,550.834841,550.674925,550.523868,550.382928,550.253296,550.136085,550.032311,549.942885,549.868601,549.810119,549.767966,549.74252,549.734013
551.238216,551.246656,551.271899,551.313714,551.371717,551.445382,551.534041,551.636899,551.753038,551.881435,552.020973,552.170453,552.328612,552.494139,552.665686,552.841892,553.021391,553.202834,553.384902,553.56632,553.745871,553.922411,554.094874,554.262292,554.423793,554.578613,554.726103,554.865725,554.997057,555.119792,555.233734,555.338788,555.43496,555.522342,555.601101,555.671469,555.733726,555.788188,555.835192,555.875076,555.908171,555.934782,555.955179,555.969582,555.978156,555.981002,555.978156,555.969582,555.955179,555.934782,555.908171,555.875076,555.835192,555.788188,555.733726,555.671469,555.601101,555.522342,555.43496,555.338788,555.233734,555.119792,554.997057,554.865725,554.726103,554.578613,554.423793,554.262292,554.094874,553.922411,553.745871,553.56632,553.384902,553.202834,553.021391,552.841892,552.665686,552.494139,552.328612,552.170453,552.020973,551.881435,551.753038,551.636899,551.534041,551.445382,551.371717,551.313714,551.271899,551.246656,551.238216
552.774688,552.783063,552.80811,552.849595,552.907136,552.980199,553.068114,553.170081,553.285176,553.412372,553.550544,553.698487,553.854932,554.018561,554.188022,554.361948,554.53897,554.717737,554.896927,555.075268,555.251546,555.424621,555.593437,555.757034,555.914557,556.065258,556.208507,556.343791,556.470715,556.589,556.698483,556.799106,556.890911,556.974028,557.048665,557.115095,557.17364,557.224654,557.268512,557.305589,557.336248,557.360824,557.37961,557.392849,557.400718,557.403329,557.400718,557.392849,557.37961,557.360824,557.336248,557.305589,557.268512,557.224654,557.17364,557.115095,557.048665,556.974028,556.890911,556.799106,556.698483,556.589,556.470715,556.343791,556.208507,556.065258,555.914557,555.757034,555.593437,555.424621,555.251546,555.075268,554.896927,554.717737,554.53897,554.361948,554.188022,554.018561,553.854932,553.698487,553.550544,553.412372,553.285176,553.170081,553.068114,552.980199,552.907136,552.849595,552.80811,552.783063,552.774688
554.33626,554.344572,554.369432,554.410604,554.467701,554.540188,554.627392,554.728504,554.842599,554.968641,555.1055,555.251963,555.406757,555.568555,555.736,555.907721,556.082344,556.258515,556.434912,556.610262,556.783355,556.953054,557.118313,557.278181,557.431816,557.578488,557.717586,557.848619,557.97122,558.085138,558.190243,558.286511,558.374021,558.452943,558.523523,558.586076,558.640962,558.688577,558.729333,558.763641,558.791897,558.814465,558.831663,558.843752,558.850925,558.853303,558.850925,558.843752,558.831663,558.814465,558.791897,558.763641,558.729333,558.688577,558.640962,558.586076,558.523523,558.452943,558.374021,558.286511,558.190243,558.085138,557.97122,557.848619,557.717586,557.578488,557.431816,557.278181,557.118313,556.953054,556.783355,556.610262,556.434912,556.258515,556.082344,555.907721,555.736,555.568555,555.406757,555.251963,555.1055,554.968641,554.842599,554.728504,554.627392,554.540188,554.467701,554.410604,554.369432,554.344572,554.33626
555.915562,555.923816,555.948499,555.989376,556.046056,556.118002,556.204534,556.304842,556.417992,556.542943,556.678558,556.823618,556.976843,557.136899,557.302425,557.472041,557.644371,557.818058,557.991777,558.164256,558.334286,558.500736,558.662566,558.818835,558.968714,559.111488,559.246565,559.373478,559.491883,559.601561,559.70241,559.794441,559.87777,559.952604,560.01923,560.078,560.129316,560.173613,560.211339,560.242942,560.268849,560.289453,560.305098,560.316063,560.322556,560.324706,560.322556,560.316063,560.305098,560.289453,560.268849,560.242942,560.211339,560.173613,560.129316,560.078,560.01923,559.952604,559.87777,559.794441,559.70241,559.601561,559.491883,559.373478,559.246565,559.111488,558.968714,558.818835,558.662566,558.500736,558.334286,558.164256,557.991777,557.818058,557.644371,557.472041,557.302425,557.136899,556.976843,556.823618,556.678558,556.542943,556.417992,556.304842,556.204534,556.118002,556.046056,555.989376,555.948499,555.923816,555.915562
557.50505,557.51325,557.537771,557.578376,557.634672,557.706119,557.792032,557.891594,558.003869,558.127807,558.262265,558.406019,558.557779,558.716206,558.879932,559.047571,559.217744,559.389088,559.560278,559.730039,559.897166,560.06053,560.219097,560.371937,560.518231,560.657281,560.788512,560.911478,561.025859,561.131465,561.228223,561.316179,561.395481,561.466376,561.529187,561.584307,561.632175,561.673265,561.708062,561.737049,561.760684,561.779388,561.793528,561.803405,561.809239,561.811169,561.809239,561.803405,561.793528,561.779388,561.760684,561.737049,561.708062,561.673265,561.632175,561.584307,561.529187,561.466376,561.395481,561.316179,561.228223,561.131465,561.025859,560.911478,560.788512,560.657281,560.518231,560.371937,560.219097,560.06053,559.897166,559.730039,559.560278,559.389088,559.217744,559.047571,558.879932,558.716206,558.557779,558.406019,558.262265,558.127807,558.003869,557.891594,557.792032,557.706119,557.634672,557.578376,557.537771,557.51325,557.50505
559.097041,559.105193,559.129569,559.16993,559.225881,559.296878,559.382232,559.481123,559.592605,559.715625,559.849031,559.991593,560.142014,560.298948,560.461019,560.626838,560.795017,560.964191,561.133032,561.300265,561.464683,561.625162,561.780674,561.930296,562.07322,562.208761,562.336363,562.455598,562.566172,562.667918,562.760794,562.844878,562.920351,562.987495,563.046671,563.09831,563.142887,563.180915,563.212913,563.239397,563.260858,563.277744,563.290445,563.299279,563.304483,563.306201,563.304483,563.299279,563.290445,563.277744,563.260858,563.239397,563.212913,563.180915,563.142887,563.09831,563.046671,562.987495,562.920351,562.844878,562.760794,562.667918,562.566172,562.455598,562.336363,562.208761,562.07322,561.930296,561.780674,561.625162,561.464683,561.300265,561.133032,560.964191,560.795017,560.626838,560.461019,560.298948,560.142014,559.991593,559.849031,559.715625,559.592605,559.481123,559.382232,559.296878,559.225881,559.16993,559.129569,559.105193,559.097041
560.683747,560.691857,560.716107,560.756257,560.811909,560.882514,560.967382,561.065684,561.176471,561.298682,561.431159,561.572665,561.721894,561.877494,562.038083,562.202263,562.368643,562.535852,562.702558,562.867485,563.029427,563.187261,563.339964,563.486619,563.626428,563.758721,563.882954,563.99872,564.105746,564.20389,564.293138,564.373596,564.445479,564.509103,564.564863,564.613226,564.654705,564.689846,564.719204,564.743327,564.762735,564.777903,564.789243,564.797092,564.801699,564.803218,564.801699,564.797092,564.789243,564.777903,564.762735,564.743327,564.719204,564.689846,564.654705,564.613226,564.564863,564.509103,564.445479,564.373596,564.293138,564.20389,564.105746,563.99872,563.882954,563.758721,563.626428,563.486619,563.339964,563.187261,563.029427,562.867485,562.702558,562.535852,562.368643,562.202263,562.038083,561.877494,561.721894,561.572665,561.431159,561.298682,561.176471,561.065684,560.967382,560.882514,560.811909,560.756257,560.716107,560.691857,560.683747
562.257311,562.265387,562.289533,562.329508,562.384913,562.455194,562.539656,562.637466,562.747669,562.869197,563.000886,563.14149,563.289697,563.444147,563.60345,563.766203,563.931006,564.096486,564.261305,564.424186,564.58392,564.739387,564.889566,565.033547,565.170541,565.299886,565.421056,565.533659,565.637442,565.732286,565.818202,565.895325,565.963901,566.024274,566.076877,566.122208,566.160816,566.193278,566.220185,566.242113,566.259612,566.273181,566.283255,566.290186,566.294238,566.29557,566.294238,566.290186,566.283255,566.273181,566.259612,566.242113,566.220185,566.193278,566.160816,566.122208,566.076877,566.024274,565.963901,565.895325,565.818202,565.732286,565.637442,565.533659,565.421056,565.299886,565.170541,565.033547,564.889566,564.739387,564.58392,564.424186,564.261305,564.096486,563.931006,563.766203,563.60345,563.444147,563.289697,563.14149,563.000886,562.869197,562.747669,562.637466,562.539656,562.455194,562.384913,562.329508,562.289533,562.265387,562.257311
563.809847,563.817897,563.841965,563.881807,563.937022,564.007054,564.091203,564.18863,564.298374,564.419361,564.55042,564.690297,564.837672,564.991179,565.149419,565.310982,565.474463,565.63848,565.801694,565.962821,566.120653,566.274069,566.42205,566.563692,566.69821,566.824954,566.943409,567.053198,567.154088,567.245978,567.328904,567.403026,567.468617,567.526053,567.575796,567.618376,567.654374,567.6844,567.709072,567.728999,567.744755,567.756863,567.765778,567.771871,567.775414,567.776577,567.775414,567.771871,567.765778,567.756863,567.744755,567.728999,567.709072,567.6844,567.654374,567.618376,567.575796,567.526053,567.468617,567.403026,567.328904,567.245978,567.154088,567.053198,566.943409,566.824954,566.69821,566.563692,566.42205,566.274069,566.120653,565.962821,565.801694,565.63848,565.474463,565.310982,565.149419,564.991179,564.837672,564.690297,564.55042,564.419361,564.298374,564.18863,564.091203,564.007054,563.937022,563.881807,563.841965,563.817897,563.809847
565.333482,565.341515,565.365532,565.405289,565.460379,565.530245,565.614182,565.711346,565.82077,565.941374,566.071979,566.211323,566.35808,566.510874,566.6683,566.828938,566.991378,567.154232,567.316153,567.475855,567.632127,567.783846,567.929994,568.06967,568.202095,568.326626,568.442757,568.550128,568.648516,568.737843,568.818164,568.889661,568.952634,569.007486,569.054705,569.094852,569.128537,569.156398,569.179084,569.197227,569.211428,569.222233,569.230113,569.235455,569.238544,569.239554,569.238544,569.235455,569.230113,569.222233,569.211428,569.197227,569.179084,569.156398,569.128537,569.094852,569.054705,569.007486,568.952634,568.889661,568.818164,568.737843,568.648516,568.550128,568.442757,568.326626,568.202095,568.06967,567.929994,567.783846,567.632127,567.475855,567.316153,567.154232,566.991378,566.828938,566.6683,566.510874,566.35808,566.211323,566.071979,565.941374,565.82077,565.711346,565.614182,565.530245,565.460379,565.405289,565.365532,565.341515,565.333482
566.820399,566.828426,566.852423,566.892143,566.94718,567.016972,567.100808,567.197842,567.307099,567.427492,567.557836,567.696861,567.843233,567.995568,568.152452,568.312459,568.474168,568.636187,568.797162,568.955801,569.11089,569.261303,569.406022,569.544146,569.674901,569.797648,569.911891,570.017279,570.113603,570.2008,570.278943,570.348235,570.408997,570.461656,570.506727,570.544795,570.576497,570.602499,570.623473,570.640077,570.652934,570.662609,570.669592,570.674284,570.676978,570.677855,570.676978,570.674284,570.669592,570.662609,570.652934,570.640077,570.623473,570.602499,570.576497,570.544795,570.506727,570.461656,570.408997,570.348235,570.278943,570.2008,570.113603,570.017279,569.911891,569.797648,569.674901,569.544146,569.406022,569.261303,569.11089,568.955801,568.797162,568.636187,568.474168,568.312459,568.152452,567.995568,567.843233,567.696861,567.557836,567.427492,567.307099,567.197842,567.100808,567.016972,566.94718,566.892143,566.852423,566.828426,566.820399
568.262882,568.270912,568.294922,568.334662,568.389723,568.459539,568.543396,568.640443,568.749698,568.870069,569.000362,569.139301,569.285542,569.437694,569.594333,569.754026,569.915345,570.076886,570.237292,570.395264,570.549581,570.699116,570.842847,570.979872,571.109419,571.230854,571.343684,571.447567,571.542305,571.627848,571.704282,571.771829,571.830828,571.881726,571.92506,571.96144,571.991523,572.015999,572.035565,572.050898,572.062643,572.071381,572.077619,572.081769,572.084135,572.084902,572.084135,572.081769,572.077619,572.071381,572.062643,572.050898,572.035565,572.015999,571.991523,571.96144,571.92506,571.881726,571.830828,571.771829,571.704282,571.627848,571.542305,571.447567,571.343684,571.230854,571.109419,570.979872,570.842847,570.699116,570.549581,570.395264,570.237292,570.076886,569.915345,569.754026,569.594333,569.437694,569.285542,569.139301,569.000362,568.870069,568.749698,568.640443,568.543396,568.459539,568.389723,568.334662,568.294922,568.270912,568.262882
569.653359,569.661406,569.685463,569.725282,569.780449,569.850397,569.934406,570.03162,570.141052,570.261603,570.392072,570.531174,570.677558,570.829824,570.98654,571.146262,571.307555,571.469007,571.629252,571.786983,571.940974,572.090092,572.233312,572.369729,572.498569,572.619201,572.731135,572.834032,572.927703,573.012107,573.087342,573.153643,573.211365,573.260971,573.303018,573.338132,573.366992,573.390308,573.408795,573.423151,573.434035,573.442047,573.447705,573.451433,573.453542,573.454223,573.453542,573.451433,573.447705,573.442047,573.434035,573.423151,573.408795,573.390308,573.366992,573.338132,573.303018,573.260971,573.211365,573.153643,573.087342,573.012107,572.927703,572.834032,572.731135,572.619201,572.498569,572.369729,572.233312,572.090092,571.940974,571.786983,571.629252,571.469007,571.307555,571.146262,570.98654,570.829824,570.677558,570.531174,570.392072,570.261603,570.141052,570.03162,569.934406,569.850397,569.780449,569.725282,569.685463,569.661406,569.653359
570.984454,570.992529,571.016673,571.056633,571.111996,571.182189,571.266489,571.364036,571.473835,571.594782,571.725668,571.865201,572.012021,572.164719,572.321854,572.481974,572.643632,572.805409,572.965928,573.123876,573.278019,573.427215,573.570435,573.706769,573.835441,573.955816,574.067407,574.169876,574.263039,574.346859,574.421443,574.487036,574.544003,574.592823,574.634064,574.668369,574.696434,574.718982,574.736746,574.75044,574.760736,574.768247,574.773504,574.776939,574.778869,574.77949,574.778869,574.776939,574.773504,574.768247,574.760736,574.75044,574.736746,574.718982,574.696434,574.668369,574.634064,574.592823,574.544003,574.487036,574.421443,574.346859,574.263039,574.169876,574.067407,573.955816,573.835441,573.706769,573.570435,573.427215,573.278019,573.123876,572.965928,572.805409,572.643632,572.481974,572.321854,572.164719,572.012021,571.865201,571.725668,571.594782,571.473835,571.364036,571.266489,571.182189,571.111996,571.056633,571.016673,570.992529,570.984454
572.249031,572.257149,572.281419,572.321588,572.377239,572.447798,572.532538,572.630591,572.74096,572.862532,572.994092,573.134339,573.281906,573.435373,573.593291,573.754197,573.916635,574.079176,574.240434,574.399085,574.553885,574.703687,574.84745,574.984261,575.113337,575.234039,575.345876,575.448512,575.54176,575.625587,575.700105,575.765562,575.822334,575.870906,575.911857,575.945841,575.973565,575.995766,576.013188,576.026556,576.036555,576.043808,576.048855,576.052133,576.053967,576.054556,576.053967,576.052133,576.048855,576.043808,576.036555,576.026556,576.013188,575.995766,575.973565,575.945841,575.911857,575.870906,575.822334,575.765562,575.700105,575.625587,575.54176,575.448512,575.345876,575.234039,575.113337,574.984261,574.84745,574.703687,574.553885,574.399085,574.240434,574.079176,573.916635,573.754197,573.593291,573.435373,573.281906,573.134339,572.994092,572.862532,572.74096,572.630591,572.532538,572.447798,572.377239,572.321588,572.281419,572.257149,572.249031
573.440245,573.448419,573.472857,573.513305,573.569344,573.640396,573.72573,573.824474,573.935625,574.058063,574.190566,574.331826,574.480465,574.635057,574.79414,574.956243,575.1199,575.283668,575.446153,575.606019,575.762012,575.912973,576.057855,576.195733,576.325817,576.447461,576.560168,576.663596,576.757558,576.842018,576.917088,576.983018,577.040185,577.089079,577.130285,577.164465,577.192331,577.21463,577.232112,577.245512,577.255523,577.262775,577.267813,577.271081,577.272908,577.273494,577.272908,577.271081,577.267813,577.262775,577.255523,577.245512,577.232112,577.21463,577.192331,577.164465,577.130285,577.089079,577.040185,576.983018,576.917088,576.842018,576.757558,576.663596,576.560168,576.447461,576.325817,576.195733,576.057855,575.912973,575.762012,575.606019,575.446153,575.283668,575.1199,574.956243,574.79414,574.635057,574.480465,574.331826,574.190566,574.058063,573.935625,573.824474,573.72573,573.640396,573.569344,573.513305,573.472857,573.448419,573.440245
574.551585,574.55983,574.584481,574.625281,574.681811,574.753488,574.839578,574.939205,575.05136,575.174916,575.308644,575.451227,575.601281,575.757368,575.918018,576.081747,576.247079,576.41256,576.576782,576.7384,576.896145,577.048849,577.19545,577.335014,577.466739,577.58997,577.704201,577.809081,577.904417,577.990166,578.066437,578.133475,578.191658,578.241475,578.283511,578.318429,578.346945,578.369809,578.387776,578.401584,578.411932,578.419452,578.424694,578.428106,578.430018,578.430633,578.430018,578.428106,578.424694,578.419452,578.411932,578.401584,578.387776,578.369809,578.346945,578.318429,578.283511,578.241475,578.191658,578.133475,578.066437,577.990166,577.904417,577.809081,577.704201,577.58997,577.466739,577.335014,577.19545,577.048849,576.896145,576.7384,576.576782,576.41256,576.247079,576.081747,575.918018,575.757368,575.601281,575.451227,575.308644,575.174916,575.05136,574.939205,574.839578,574.753488,574.681811,574.625281,574.584481,574.55983,574.551585
575.576924,575.585256,575.610164,575.651393,575.70852,575.78096,575.867975,575.968684,576.082072,576.207007,576.342253,576.486484,576.638307,576.796275,576.958907,577.124708,577.29219,577.459888,577.626379,577.790306,577.950387,578.105437,578.254384,578.396278,578.530304,578.655793,578.772229,578.879248,578.976644,579.064367,579.142516,579.211329,579.271175,579.32254,579.366004,579.402227,579.431924,579.455842,579.474736,579.489346,579.500369,579.50844,579.514109,579.517826,579.51992,579.520595,579.51992,579.517826,579.514109,579.50844,579.500369,579.489346,579.474736,579.455842,579.431924,579.402227,579.366004,579.32254,579.271175,579.211329,579.142516,579.064367,578.976644,578.879248,578.772229,578.655793,578.530304,578.396278,578.254384,578.105437,577.950387,577.790306,577.626379,577.459888,577.29219,577.124708,576.958907,576.796275,576.638307,576.486484,576.342253,576.207007,576.082072,575.968684,575.867975,575.78096,575.70852,575.651393,575.610164,575.585256,575.576924
576.510563,576.518996,576.54421,576.585946,576.64378,576.717124,576.805238,576.907234,577.022093,577.148677,577.285741,577.431954,577.585912,577.746158,577.911201,578.079535,578.249658,578.420092,578.589402,578.756214,578.919231,579.077254,579.229194,579.374083,579.511092,579.639536,579.758881,579.868748,579.968917,580.059324,580.140051,580.211327,580.273509,580.327071,580.372584,580.4107,580.442128,580.467607,580.487888,580.503707,580.515758,580.524672,580.531,580.535187,580.537564,580.538333,580.537564,580.535187,580.531,580.524672,580.515758,580.503707,580.487888,580.467607,580.442128,580.4107,580.372584,580.327071,580.273509,580.211327,580.140051,580.059324,579.968917,579.868748,579.758881,579.639536,579.511092,579.374083,579.229194,579.077254,578.919231,578.756214,578.589402,578.420092,578.249658,578.079535,577.911201,577.746158,577.585912,577.431954,577.285741,577.148677,577.022093,576.907234,576.805238,576.717124,576.64378,576.585946,576.54421,576.518996,576.510563
577.347272,577.355823,577.38139,577.423714,577.482368,577.556762,577.646151,577.749645,577.866218,577.994726,578.133919,578.282455,578.438922,578.601854,578.769749,578.941087,579.114355,579.28806,579.460751,579.631039,579.797611,579.959249,580.114845,580.263414,580.404108,580.536221,580.659199,580.772645,580.87632,580.970138,581.054167,581.128616,581.193824,581.250251,581.298453,581.339069,581.372793,581.400356,581.422499,581.439947,581.453388,581.463449,581.470673,581.475503,581.478267,581.479165,581.478267,581.475503,581.470673,581.463449,581.453388,581.439947,581.422499,581.400356,581.372793,581.339069,581.298453,581.250251,581.193824,581.128616,581.054167,580.970138,580.87632,580.772645,580.659199,580.536221,580.404108,580.263414,580.114845,579.959249,579.797611,579.631039,579.460751,579.28806,579.114355,578.941087,578.769749,578.601854,578.438922,578.282455,578.133919,577.994726,577.866218,577.749645,577.646151,577.556762,577.482368,577.423714,577.38139,577.355823,577.347272
578.082333,578.091019,578.116988,578.159981,578.21957,578.295161,578.386007,578.491212,578.609747,578.740461,578.882096,579.033304,579.192663,579.358696,579.52989,579.704714,579.881639,580.059159,580.235806,580.410173,580.580929,580.746837,580.906769,581.059717,581.204811,581.341323,581.468675,581.586448,581.694376,581.792353,581.880421,581.958768,582.02771,582.087686,582.139232,582.182968,582.219569,582.249752,582.274241,582.29375,582.308954,582.320471,582.328835,582.334484,582.337741,582.338804,582.337741,582.334484,582.328835,582.320471,582.308954,582.29375,582.274241,582.249752,582.219569,582.182968,582.139232,582.087686,582.02771,581.958768,581.880421,581.792353,581.694376,581.586448,581.468675,581.341323,581.204811,581.059717,580.906769,580.746837,580.580929,580.410173,580.235806,580.059159,579.881639,579.704714,579.52989,579.358696,579.192663,579.033304,578.882096,578.740461,578.609747,578.491212,578.386007,578.295161,578.21957,578.159981,578.116988,578.091019,578.082333
578.711577,578.720413,578.746834,578.79058,578.851219,578.928158,579.020643,579.127776,579.248523,579.381727,579.526122,579.680354,579.842991,580.012546,580.187493,580.366289,580.547392,580.729278,580.910463,581.08952,581.2651,581.435943,581.600898,581.758934,581.909155,582.050807,582.183285,582.306142,582.419085,582.521978,582.614837,582.697819,582.771215,582.835436,582.890993,582.938479,582.978549,583.011896,583.039226,583.061234,583.078581,583.091868,583.101622,583.108269,583.112128,583.113392,583.112128,583.108269,583.101622,583.091868,583.078581,583.061234,583.039226,583.011896,582.978549,582.938479,582.890993,582.835436,582.771215,582.697819,582.614837,582.521978,582.419085,582.306142,582.183285,582.050807,581.909155,581.758934,581.600898,581.435943,581.2651,581.08952,580.910463,580.729278,580.547392,580.366289,580.187493,580.012546,579.842991,579.680354,579.526122,579.381727,579.248523,579.127776,579.020643,578.928158,578.851219,578.79058,578.746834,578.720413,578.711577
579.231415,579.240419,579.267342,579.311923,579.373729,579.452164,579.546472,579.655751,579.778962,579.914941,580.062418,580.220028,580.386331,580.55983,580.738987,580.922247,581.108049,581.294856,581.481165,581.665529,581.846576,582.023024,582.193696,582.357535,582.513615,582.661155,582.799518,582.928224,583.04695,583.155526,583.253933,583.342296,583.420874,583.490043,583.550284,583.60216,583.646296,583.68336,583.714031,583.738982,583.758854,583.774232,583.785627,583.793455,583.798025,583.799527,583.798025,583.793455,583.785627,583.774232,583.758854,583.738982,583.714031,583.68336,583.646296,583.60216,583.550284,583.490043,583.420874,583.342296,583.253933,583.155526,583.04695,582.928224,582.799518,582.661155,582.513615,582.357535,582.193696,582.023024,581.846576,581.665529,581.481165,581.294856,581.108049,580.922247,580.738987,580.55983,580.386331,580.220028,580.062418,579.914941,579.778962,579.655751,579.546472,579.452164,579.373729,579.311923,579.267342,579.240419,579.231415
579.63887,579.648058,579.675532,579.721031,579.784121,579.864203,579.960517,580.072159,580.198085,580.337125,580.488002,580.649344,580.819702,580.997568,581.181392,581.369604,581.56063,581.752914,581.944932,582.135219,582.322378,582.505101,582.682185,582.852543,583.015218,583.169395,583.314404,583.449728,583.575008,583.690034,583.794751,583.889244,583.973734,584.048558,584.11416,584.171068,584.219873,584.261207,584.295722,584.324064,584.346847,584.364637,584.377927,584.387118,584.39251,584.394287,584.39251,584.387118,584.377927,584.364637,584.346847,584.324064,584.295722,584.261207,584.219873,584.171068,584.11416,584.048558,583.973734,583.889244,583.794751,583.690034,583.575008,583.449728,583.314404,583.169395,583.015218,582.852543,582.682185,582.505101,582.322378,582.135219,581.944932,581.752914,581.56063,581.369604,581.181392,580.997568,580.819702,580.649344,580.488002,580.337125,580.198085,580.072159,579.960517,579.864203,579.784121,579.721031,579.675532,579.648058,579.63887
579.931599,579.940987,579.969063,580.015562,580.080051,580.161927,580.260431,580.374651,580.50354,580.645924,580.800519,580.965945,581.140743,581.323395,581.51234,581.705991,581.902761,582.101072,582.299384,582.496207,582.690119,582.879785,583.063972,583.241561,583.411563,583.573124,583.725537,583.868246,584.000847,584.123091,584.234877,584.336248,584.427379,584.508565,584.580205,584.642786,584.696859,584.743019,584.781881,584.81406,584.840141,584.860665,584.876102,584.88684,584.893165,584.895254,584.893165,584.88684,584.876102,584.860665,584.840141,584.81406,584.781881,584.743019,584.696859,584.642786,584.580205,584.508565,584.427379,584.336248,584.234877,584.123091,584.000847,583.868246,583.725537,583.573124,583.411563,583.241561,583.063972,582.879785,582.690119,582.496207,582.299384,582.101072,581.902761,581.705991,581.51234,581.323395,581.140743,580.965945,580.800519,580.645924,580.50354,580.374651,580.260431,580.161927,580.080051,580.015562,579.969063,579.940987,579.931599
580.107916,580.11752,580.146245,580.193826,580.259827,580.343645,580.444516,580.561527,580.693625,580.839633,580.998258,581.168113,581.347732,581.535584,581.730096,581.929668,582.132693,582.337578,582.542759,582.746722,582.948021,583.14529,583.337264,583.522791,583.700843,583.870528,584.031096,584.181947,584.322632,584.452854,584.572463,584.681453,584.779948,584.868196,584.946546,585.015437,585.075375,585.126911,585.170621,585.20708,585.236842,585.260419,585.278257,585.290723,585.298091,585.300528,585.298091,585.290723,585.278257,585.260419,585.236842,585.20708,585.170621,585.126911,585.075375,585.015437,584.946546,584.868196,584.779948,584.681453,584.572463,584.452854,584.322632,584.181947,584.031096,583.870528,583.700843,583.522791,583.337264,583.14529,582.948021,582.746722,582.542759,582.337578,582.132693,581.929668,581.730096,581.535584,581.347732,581.168113,580.998258,580.839633,580.693625,580.561527,580.444516,580.343645,580.259827,580.193826,580.146245,580.11752,580.107916
580.166801,580.176638,580.20606,580.254802,580.322426,580.408328,580.511742,580.631751,580.767299,580.917202,581.080164,581.254788,581.439599,581.633057,581.833574,582.039536,582.249321,582.461313,582.673928,582.885626,583.094933,583.300453,583.500887,583.695044,583.881858,584.060394,584.229856,584.389595,584.539114,584.678061,584.806236,584.923575,585.030149,585.126149,585.211871,585.287701,585.354092,585.411548,585.460598,585.501776,585.535599,585.562544,585.583031,585.597406,585.605925,585.608746,585.605925,585.597406,585.583031,585.562544,585.535599,585.501776,585.460598,585.411548,585.354092,585.287701,585.211871,585.126149,585.030149,584.923575,584.806236,584.678061,584.539114,584.389595,584.229856,584.060394,583.881858,583.695044,583.500887,583.300453,583.094933,582.885626,582.673928,582.461313,582.249321,582.039536,581.833574,581.633057,581.439599,581.254788,581.080164,580.917202,580.767299,580.631751,580.511742,580.408328,580.322426,580.254802,580.20606,580.176638,580.166801
580.107916,580.118,580.148165,580.198144,580.2675,580.355625,580.461751,580.58496,580.724191,580.878255,581.04585,581.225573,581.415938,581.615395,581.822343,582.035154,582.252187,582.471807,582.692405,582.912418,583.130339,583.344741,583.554289,583.757754,583.954025,584.142121,584.321198,584.490556,584.649641,584.798047,584.935512,585.061915,585.177266,585.281695,585.375438,585.458822,585.532244,585.596153,585.651027,585.697354,585.735609,585.766232,585.789613,585.806072,585.815849,585.819091,585.815849,585.806072,585.789613,585.766232,585.735609,585.697354,585.651027,585.596153,585.532244,585.458822,585.375438,585.281695,585.177266,585.061915,584.935512,584.798047,584.649641,584.490556,584.321198,584.142121,583.954025,583.757754,583.554289,583.344741,583.130339,582.912418,582.692405,582.471807,582.252187,582.035154,581.822343,581.615395,581.415938,581.225573,581.04585,580.878255,580.724191,580.58496,580.461751,580.355625,580.2675,580.198144,580.148165,580.118,580.107916
579.931599,579.941946,579.972898,580.024189,580.095379,580.185861,580.294864,580.421466,580.564604,580.723085,580.895599,581.080738,581.277006,581.482842,581.696633,581.916735,582.141488,582.369238,582.598352,582.827238,583.05436,583.278256,583.497553,583.71098,583.917381,584.115726,584.305118,584.484802,584.654165,584.812739,584.9602,585.096362,585.221169,585.334685,585.437081,585.528618,585.609632,585.680513,585.741683,585.793578,585.836627,585.87123,585.897742,585.916458,585.927596,585.931294,585.927596,585.916458,585.897742,585.87123,585.836627,585.793578,585.741683,585.680513,585.609632,585.528618,585.437081,585.334685,585.221169,585.096362,584.9602,584.812739,584.654165,584.484802,584.305118,584.115726,583.917381,583.71098,583.497553,583.278256,583.05436,582.827238,582.598352,582.369238,582.141488,581.916735,581.696633,581.482842,581.277006,581.080738,580.895599,580.723085,580.564604,580.421466,580.294864,580.185861,580.095379,580.024189,579.972898,579.941946,579.931599
579.63887,579.649494,579.681275,579.733948,579.807072,579.900037,580.012073,580.142255,580.289514,580.452655,580.630363,580.821221,581.023725,581.236304,581.457331,581.685146,581.918073,582.154434,582.392574,582.63087,582.867755,583.101732,583.331387,583.555406,583.772584,583.98184,584.182222,584.372913,584.553239,584.722667,584.880805,585.027396,585.162314,585.285552,585.397209,585.497479,585.586629,585.664983,585.732904,585.790772,585.838966,585.87784,585.907714,585.928853,585.941454,585.94564,585.941454,585.928853,585.907714,585.87784,585.838966,585.790772,585.732904,585.664983,585.586629,585.497479,585.397209,585.285552,585.162314,585.027396,584.880805,584.722667,584.553239,584.372913,584.182222,583.98184,583.772584,583.555406,583.331387,583.101732,582.867755,582.63087,582.392574,582.154434,581.918073,581.685146,581.457331,581.236304,581.023725,580.821221,580.630363,580.452655,580.289514,580.142255,580.012073,579.900037,579.807072,579.733948,579.681275,579.649494,579.63887
579.231415,579.242329,579.274979,579.329101,579.404252,579.499822,579.615039,579.748974,579.900559,580.068591,580.251751,580.448615,580.657672,580.877337,581.105974,581.341905,581.583435,581.828865,582.076513,582.32473,582.571914,582.81653,583.057124,583.292335,583.520908,583.741707,583.95372,584.15607,584.348015,584.528951,584.698416,584.856078,585.001734,585.135302,585.256806,585.366363,585.464169,585.550478,585.625588,585.689818,585.743492,585.786919,585.820376,585.844097,585.858258,585.862965,585.858258,585.844097,585.820376,585.786919,585.743492,585.689818,585.625588,585.550478,585.464169,585.366363,585.256806,585.135302,585.001734,584.856078,584.698416,584.528951,584.348015,584.15607,583.95372,583.741707,583.520908,583.292335,583.057124,582.81653,582.571914,582.32473,582.076513,581.828865,581.583435,581.341905,581.105974,580.877337,580.657672,580.448615,580.251751,580.068591,579.900559,579.748974,579.615039,579.499822,579.404252,579.329101,579.274979,579.242329,579.231415
578.711577,578.722793,578.75635,578.811983,578.889249,578.987536,579.106071,579.243925,579.400024,579.573164,579.762019,579.965159,580.181065,580.408141,580.644737,580.889161,581.139698,581.394627,581.652241,581.910859,582.168846,582.424629,582.67671,582.923679,583.16423,583.397169,583.621423,583.836048,584.040231,584.233297,584.414706,584.584047,584.741037,584.885514,585.017419,585.136791,585.243748,585.33847,585.421184,585.492146,585.551621,585.599867,585.637119,585.663575,585.679386,585.684646,585.679386,585.663575,585.637119,585.599867,585.551621,585.492146,585.421184,585.33847,585.243748,585.136791,585.017419,584.885514,584.741037,584.584047,584.414706,584.233297,584.040231,583.836048,583.621423,583.397169,583.16423,582.923679,582.67671,582.424629,582.168846,581.910859,581.652241,581.394627,581.139698,580.889161,580.644737,580.408141,580.181065,579.965159,579.762019,579.573164,579.400024,579.243925,579.106071,578.987536,578.889249,578.811983,578.75635,578.722793,578.711577
578.082333,578.093863,578.128362,578.185563,578.265024,578.366133,578.488115,578.630039,578.790829,578.969276,579.164051,579.373717,579.596746,579.831534,580.076415,580.329682,580.589602,580.854432,581.122435,581.391903,581.661164,581.928605,582.192684,582.451942,582.705017,582.950655,583.18772,583.415197,583.632201,583.83798,584.031912,584.213504,584.382389,584.538318,584.681147,584.810831,584.927405,585.030971,585.121683,585.199726,585.265304,585.318621,585.359865,585.3892,585.406749,585.41259,585.406749,585.3892,585.359865,585.318621,585.265304,585.199726,585.121683,585.030971,584.927405,584.810831,584.681147,584.538318,584.382389,584.213504,584.031912,583.83798,583.632201,583.415197,583.18772,582.950655,582.705017,582.451942,582.192684,581.928605,581.661164,581.391903,581.122435,580.854432,580.589602,580.329682,580.076415,579.831534,579.596746,579.373717,579.164051,578.969276,578.790829,578.630039,578.488115,578.366133,578.265024,578.185563,578.128362,578.093863,578.082333
577.347272,577.359126,577.394597,577.45342,577.53515,577.639176,577.764721,577.910853,578.076495,578.260433,578.461334,578.677755,578.908159,579.150933,579.404398,579.666831,579.936479,580.211576,580.490361,580.771091,581.05206,581.331614,581.608163,581.880199,582.146303,582.405159,582.655562,582.896427,583.126793,583.345825,583.552819,583.747194,583.928495,584.096382,584.250623,584.391082,584.517709,584.630522,584.729597,584.815048,584.887011,584.945634,584.991058,585.023406,585.042774,585.049224,585.042774,585.023406,584.991058,584.945634,584.887011,584.815048,584.729597,584.630522,584.517709,584.391082,584.250623,584.096382,583.928495,583.747194,583.552819,583.345825,583.126793,582.896427,582.655562,582.405159,582.146303,581.880199,581.608163,581.331614,581.05206,580.771091,580.490361,580.211576,579.936479,579.666831,579.404398,579.150933,578.908159,578.677755,578.461334,578.260433,578.076495,577.910853,577.764721,577.639176,577.53515,577.45342,577.394597,577.359126,577.347272
576.510563,576.52275,576.559223,576.619714,576.70378,576.810808,576.940022,577.090487,577.261124,577.450718,577.65793,577.881311,578.119319,578.370327,578.632646,578.904536,579.184225,579.469924,579.759844,580.052211,580.345283,580.637363,580.926814,581.212074,581.491668,581.764214,582.028439,582.283184,582.527406,582.760189,582.980739,583.188387,583.382583,583.562895,583.728995,583.880656,584.017737,584.140169,584.247946,584.341105,584.419714,584.483862,584.533636,584.569122,584.590384,584.597467,584.590384,584.569122,584.533636,584.483862,584.419714,584.341105,584.247946,584.140169,584.017737,583.880656,583.728995,583.562895,583.382583,583.188387,582.980739,582.760189,582.527406,582.283184,582.028439,581.764214,581.491668,581.212074,580.926814,580.637363,580.345283,580.052211,579.759844,579.469924,579.184225,578.904536,578.632646,578.370327,578.119319,577.881311,577.65793,577.450718,577.261124,577.090487,576.940022,576.810808,576.70378,576.619714,576.559223,576.52275,576.510563
575.576924,575.589454,575.626952,575.689153,575.775613,575.885719,576.018693,576.173601,576.349361,576.544756,576.758443,576.988968,577.23478,577.494243,577.765655,578.047261,578.33727,578.633869,578.935241,579.239581,579.545108,579.850084,580.152823,580.45171,580.745207,581.03187,581.310353,581.57942,581.837946,582.084928,582.319483,582.540846,582.748373,582.941532,583.119899,583.283151,583.431051,583.563441,583.680227,583.781368,583.866862,583.936732,583.991014,584.02975,584.052976,584.060715,584.052976,584.02975,583.991014,583.936732,583.866862,583.781368,583.680227,583.563441,583.431051,583.283151,583.119899,582.941532,582.748373,582.540846,582.319483,582.084928,581.837946,581.57942,581.310353,581.03187,580.745207,580.45171,580.152823,579.850084,579.545108,579.239581,578.935241,578.633869,578.33727,578.047261,577.765655,577.494243,577.23478,576.988968,576.758443,576.544756,576.349361,576.173601,576.018693,575.885719,575.775613,575.689153,575.626952,575.589454,575.576924
574.551585,574.564464,574.60301,574.666956,574.755859,574.869107,575.005921,575.165367,575.346361,575.547683,575.767986,576.005813,576.259603,576.527712,576.808426,577.099973,577.400544,577.708302,578.021403,578.338009,578.656302,578.974499,579.290866,579.603733,579.911501,580.212657,580.505784,580.789565,581.062793,581.324374,581.573331,581.808805,582.03005,582.236434,582.427434,582.602623,582.761669,582.90432,583.030392,583.139762,583.232354,583.308124,583.367056,583.409144,583.434394,583.442811,583.434394,583.409144,583.367056,583.308124,583.232354,583.139762,583.030392,582.90432,582.761669,582.602623,582.427434,582.236434,582.03005,581.808805,581.573331,581.324374,581.062793,580.789565,580.505784,580.212657,579.911501,579.603733,579.290866,578.974499,578.656302,578.338009,578.021403,577.708302,577.400544,577.099973,576.808426,576.527712,576.259603,576.005813,575.767986,575.547683,575.346361,575.165367,575.005921,574.869107,574.755859,574.666956,574.60301,574.564464,574.551585
573.440245,573.453478,573.493089,573.55881,573.650199,573.766643,573.907364,574.071426,574.257745,574.465098,574.692137,574.937397,575.199312,575.476229,575.76642,576.068099,576.379438,576.698576,577.023642,577.352765,577.684088,578.015785,578.346073,578.673224,578.995578,579.311553,579.619657,579.918493,580.206768,580.483295,580.747003,580.996932,581.232234,581.452175,581.656126,581.843558,582.014037,582.167215,582.302816,582.420633,582.52051,582.602339,582.666043,582.711574,582.738904,582.748015,582.738904,582.711574,582.666043,582.602339,582.52051,582.420633,582.302816,582.167215,582.014037,581.843558,581.656126,581.452175,581.232234,580.996932,580.747003,580.483295,580.206768,579.918493,579.619657,579.311553,578.995578,578.673224,578.346073,578.015785,577.684088,577.352765,577.023642,576.698576,576.379438,576.068099,575.76642,575.476229,575.199312,574.937397,574.692137,574.465098,574.257745,574.071426,573.907364,573.766643,573.650199,573.55881,573.493089,573.453478,573.440245
572.249031,572.262624,572.303314,572.370833,572.464741,572.584423,572.729103,572.897844,573.089561,573.30303,573.5369,573.7897,574.059858,574.345712,574.645524,574.95749,575.279764,575.610464,575.947689,576.289534,576.634107,576.979535,577.323986,577.665675,578.002879,578.333946,578.657309,578.971487,579.275099,579.566867,579.84562,580.110296,580.359945,580.593725,580.810899,581.010835,581.192994,581.356928,581.502267,581.628716,581.736042,581.824063,581.892648,581.941699,581.971154,581.980976,581.971154,581.941699,581.892648,581.824063,581.736042,581.628716,581.502267,581.356928,581.192994,581.010835,580.810899,580.593725,580.359945,580.110296,579.84562,579.566867,579.275099,578.971487,578.657309,578.333946,578.002879,577.665675,577.323986,576.979535,576.634107,576.289534,575.947689,575.610464,575.279764,574.95749,574.645524,574.345712,574.059858,573.7897,573.5369,573.30303,573.089561,572.897844,572.729103,572.584423,572.464741,572.370833,572.303314,572.262624,572.249031
570.984454,570.99841,571.040188,571.109524,571.205974,571.328926,571.477604,571.65107,571.84824,572.067888,572.308659,572.569079,572.847571,573.142462,573.452002,573.774375,574.107715,574.450115,574.799649,575.15438,575.512374,575.871716,576.230523,576.586952,576.939217,577.285596,577.624442,577.954194,578.273381,578.580629,578.874668,579.154333,579.418565,579.666416,579.897039,580.109694,580.303737,580.478616,580.633867,580.769104,580.884012,580.97834,581.051894,581.10453,581.136151,581.146697,581.136151,581.10453,581.051894,580.97834,580.884012,580.769104,580.633867,580.478616,580.303737,580.109694,579.897039,579.666416,579.418565,579.154333,578.874668,578.580629,578.273381,577.954194,577.624442,577.285596,576.939217,576.586952,576.230523,575.871716,575.512374,575.15438,574.799649,574.450115,574.107715,573.774375,573.452002,573.142462,572.847571,572.569079,572.308659,572.067888,571.84824,571.65107,571.477604,571.328926,571.205974,571.109524,571.040188,570.99841,570.984454
569.653359,569.66768,569.710554,569.781716,569.880724,570.006967,570.159667,570.33789,570.540548,570.766416,571.014136,571.282231,571.569116,571.873111,572.192456,572.525319,572.869814,573.224015,573.585966,573.953698,574.325238,574.698628,575.071933,575.443252,575.810736,576.172591,576.527093,576.872596,577.207538,577.530451,577.839961,578.1348,578.413801,578.675904,578.920153,579.145697,579.351785,579.53776,579.703061,579.847209,579.969807,580.070531,580.149126,580.205399,580.239215,580.250496,580.239215,580.205399,580.149126,580.070531,579.969807,579.847209,579.703061,579.53776,579.351785,579.145697,578.920153,578.675904,578.413801,578.1348,577.839961,577.530451,577.207538,576.872596,576.527093,576.172591,575.810736,575.443252,575.071933,574.698628,574.325238,573.953698,573.585966,573.224015,572.869814,572.525319,572.192456,571.873111,571.569116,571.282231,571.014136,570.766416,570.540548,570.33789,570.159667,570.006967,569.880724,569.781716,569.710554,569.66768,569.653359
568.262882,568.277569,568.321542,568.394535,568.496108,568.62565,568.782385,568.965377,569.173541,569.405649,569.660342,569.936138,570.231448,570.544585,570.873775,571.217174,571.572878,571.938938,572.313371,572.694174,573.079339,573.466861,573.854754,574.241062,574.623869,575.00131,575.371583,575.732958,576.083781,576.422485,576.747599,577.057743,577.351645,577.628131,577.886134,578.12469,578.34294,578.540121,578.715573,578.868723,578.99909,579.106278,579.189967,579.249915,579.285951,579.297974,579.285951,579.249915,579.189967,579.106278,578.99909,578.868723,578.715573,578.540121,578.34294,578.12469,577.886134,577.628131,577.351645,577.057743,576.747599,576.422485,576.083781,575.732958,575.371583,575.00131,574.623869,574.241062,573.854754,573.466861,573.079339,572.694174,572.313371,571.938938,571.572878,571.217174,570.873775,570.544585,570.231448,569.936138,569.660342,569.405649,569.173541,568.965377,568.782385,568.62565,568.496108,568.394535,568.321542,568.277569,568.262882
566.820399,566.835452,566.880523,566.955346,567.059482,567.192321,567.353088,567.540848,567.754516,567.992863,568.254529,568.538028,568.841767,569.164049,569.503092,569.857038,570.223965,570.601901,570.988838,571.38274,571.781559,572.183249,572.585771,572.987112,573.385292,573.778375,574.164481,574.541792,574.908564,575.263134,575.603925,575.929453,576.238334,576.529282,576.801117,577.052763,577.283248,577.491707,577.677373,577.839585,577.977773,578.091467,578.180285,578.243933,578.282205,578.294976,578.282205,578.243933,578.180285,578.091467,577.977773,577.839585,577.677373,577.491707,577.283248,577.052763,576.801117,576.529282,576.238334,575.929453,575.603925,575.263134,574.908564,574.541792,574.164481,573.778375,573.385292,572.987112,572.585771,572.183249,571.781559,571.38274,570.988838,570.601901,570.223965,569.857038,569.503092,569.164049,568.841767,568.538028,568.254529,567.992863,567.754516,567.540848,567.353088,567.192321,567.059482,566.955346,566.880523,566.835452,566.820399
565.333482,565.3489,565.395063,565.471709,565.578397,565.71452,565.879304,566.071814,566.290965,566.53553,566.804145,567.095323,567.407465,567.738868,568.087739,568.452207,568.830333,569.220123,569.619542,570.026523,570.438982,570.854826,571.271967,571.688336,572.101887,572.510613,572.912556,573.305812,573.688547,574.058999,574.415488,574.756424,575.08031,575.385749,575.671445,575.936211,576.178962,576.398727,576.594638,576.765936,576.91197,577.032191,577.126154,577.193514,577.234028,577.247549,577.234028,577.193514,577.126154,577.032191,576.91197,576.765936,576.594638,576.398727,576.178962,575.936211,575.671445,575.385749,575.08031,574.756424,574.415488,574.058999,573.688547,573.305812,572.912556,572.510613,572.101887,571.688336,571.271967,570.854826,570.438982,570.026523,569.619542,569.220123,568.830333,568.452207,568.087739,567.738868,567.407465,567.095323,566.804145,566.53553,566.290965,566.071814,565.879304,565.71452,565.578397,565.471709,565.395063,565.3489,565.333482
563.809847,563.825626,563.872874,563.951329,564.060552,564.199935,564.368706,564.565933,564.79053,565.04127,565.316788,565.615596,565.936089,566.276557,566.635198,567.010128,567.399391,567.800973,568.212812,568.63281,569.058845,569.488783,569.920485,570.351824,570.780691,571.205008,571.622739,572.031895,572.430551,572.816847,573.189,573.545313,573.884178,574.204084,574.503623,574.781493,575.036498,575.267559,575.473706,575.654086,575.807961,575.934705,576.033811,576.104883,576.147639,576.161909,576.147639,576.104883,576.033811,575.934705,575.807961,575.654086,575.473706,575.267559,575.036498,574.781493,574.503623,574.204084,573.884178,573.545313,573.189,572.816847,572.430551,572.031895,571.622739,571.205008,570.780691,570.351824,569.920485,569.488783,569.058845,568.63281,568.212812,567.800973,567.399391,567.010128,566.635198,566.276557,565.936089,565.615596,565.316788,565.04127,564.79053,564.565933,564.368706,564.199935,564.060552,563.951329,563.872874,563.825626,563.809847
562.257311,562.273447,562.32177,562.402014,562.513744,562.656354,562.829071,563.030966,563.260954,563.517807,563.800161,564.106524,564.435287,564.784735,565.153057,565.538355,565.938658,566.351931,566.776086,567.208996,567.648502,568.092425,568.538579,568.984781,569.428857,569.868661,570.302078,570.727035,571.141516,571.543563,571.931293,572.3029,572.656666,572.990967,573.304282,573.595194,573.862398,574.104705,574.321045,574.510469,574.672153,574.805396,574.909625,574.984394,575.029383,575.0444,575.029383,574.984394,574.909625,574.805396,574.672153,574.510469,574.321045,574.104705,573.862398,573.595194,573.304282,572.990967,572.656666,572.3029,571.931293,571.543563,571.141516,570.727035,570.302078,569.868661,569.428857,568.984781,568.538579,568.092425,567.648502,567.208996,566.776086,566.351931,565.938658,565.538355,565.153057,564.784735,564.435287,564.106524,563.800161,563.517807,563.260954,563.030966,562.829071,562.656354,562.513744,562.402014,562.32177,562.273447,562.257311
560.683747,560.700236,560.749617,560.831627,560.94583,561.091621,561.268231,561.474731,561.710038,561.972923,562.262023,562.575843,562.912771,563.271086,563.648968,564.044508,564.455717,564.880543,565.316872,565.762546,566.215371,566.673127,567.133578,567.594486,568.053616,568.50875,568.957698,569.398304,569.828461,570.246115,570.649281,571.036046,571.404585,571.75316,572.080136,572.383985,572.66329,572.916755,573.14321,573.341609,573.511043,573.650736,573.760051,573.838489,573.885695,573.901454,573.885695,573.838489,573.760051,573.650736,573.511043,573.341609,573.14321,572.916755,572.66329,572.383985,572.080136,571.75316,571.404585,571.036046,570.649281,570.246115,569.828461,569.398304,568.957698,568.50875,568.053616,567.594486,567.133578,566.673127,566.215371,565.762546,565.316872,564.880543,564.455717,564.044508,563.648968,563.271086,562.912771,562.575843,562.262023,561.972923,561.710038,561.474731,561.268231,561.091621,560.94583,560.831627,560.749617,560.700236,560.683747
559.097041,559.113877,559.164299,559.248043,559.364677,559.513597,559.694034,559.905062,560.145598,560.414417,560.710151,561.031308,561.37627,561.743312,562.130604,562.536226,562.958175,563.394379,563.8427,564.30095,564.766902,565.238292,565.71284,566.18825,566.662228,567.132487,567.596761,568.052813,568.498444,568.931508,569.349919,569.751658,570.134791,570.49747,570.837948,571.154584,571.445852,571.71035,571.946806,572.154081,572.33118,572.477253,572.591598,572.673667,572.723066,572.739558,572.723066,572.673667,572.591598,572.477253,572.33118,572.154081,571.946806,571.71035,571.445852,571.154584,570.837948,570.49747,570.134791,569.751658,569.349919,568.931508,568.498444,568.052813,567.596761,567.132487,566.662228,566.18825,565.71284,565.238292,564.766902,564.30095,563.8427,563.394379,562.958175,562.536226,562.130604,561.743312,561.37627,561.031308,560.710151,560.414417,560.145598,559.905062,559.694034,559.513597,559.364677,559.248043,559.164299,559.113877,559.097041
557.50505,557.522226,557.573666,557.659111,557.778126,557.930111,558.114299,558.329764,558.575427,558.850061,559.152301,559.480651,559.833492,560.209092,560.605615,561.02113,561.45362,561.900991,562.361086,562.831687,563.31053,563.795316,564.283714,564.773377,565.261951,565.747081,566.226427,566.69767,567.158526,567.606754,568.040167,568.456646,568.854148,569.230715,569.58449,569.913721,570.216774,570.492142,570.738452,570.954474,571.139128,571.291488,571.410791,571.496438,571.547999,571.565215,571.547999,571.496438,571.410791,571.291488,571.139128,570.954474,570.738452,570.492142,570.216774,569.913721,569.58449,569.230715,568.854148,568.456646,568.040167,567.606754,567.158526,566.69767,566.226427,565.747081,565.261951,564.773377,564.283714,563.795316,563.31053,562.831687,562.361086,561.900991,561.45362,561.02113,560.605615,560.209092,559.833492,559.480651,559.152301,558.850061,558.575427,558.329764,558.114299,557.930111,557.778126,557.659111,557.573666,557.522226,557.50505
555.915562,555.933069,555.985505,556.072609,556.193951,556.348929,556.53678,556.756579,557.007249,557.287564,557.59616,557.931539,558.292081,558.676048,559.081596,559.506785,559.949583,560.40788,560.879494,561.36218,561.853643,562.351542,562.853503,563.357126,563.859997,564.359698,564.853814,565.339948,565.815729,566.278825,566.726953,567.15789,567.569488,567.959683,568.326506,568.668099,568.98272,569.26876,569.524745,569.749357,569.941429,570.099965,570.224138,570.313299,570.366984,570.38491,570.366984,570.313299,570.224138,570.099965,569.941429,569.749357,569.524745,569.26876,568.98272,568.668099,568.326506,567.959683,567.569488,567.15789,566.726953,566.278825,565.815729,565.339948,564.853814,564.359698,563.859997,563.357126,562.853503,562.351542,561.853643,561.36218,560.879494,560.40788,559.949583,559.506785,559.081596,558.676048,558.292081,557.931539,557.59616,557.287564,557.007249,556.756579,556.53678,556.348929,556.193951,556.072609,555.985505,555.933069,555.915562
554.33626,554.35409,554.407495,554.496214,554.619819,554.77771,554.969125,555.193143,555.448687,555.734534,556.049319,556.391544,556.759586,557.151703,557.566045,558.000661,558.453506,558.922453,559.405298,559.89977,560.403541,560.914234,561.429428,561.946675,562.463503,562.977428,563.485968,563.986646,564.477007,564.95463,565.417136,565.862204,566.287581,566.691099,567.070682,567.424364,567.7503,568.046778,568.312229,568.545243,568.744574,568.909152,569.038091,569.130692,569.186454,569.205076,569.186454,569.130692,569.038091,568.909152,568.744574,568.545243,568.312229,568.046778,567.7503,567.424364,567.070682,566.691099,566.287581,565.862204,565.417136,564.95463,564.477007,563.986646,563.485968,562.977428,562.463503,561.946675,561.429428,560.914234,560.403541,559.89977,559.405298,558.922453,558.453506,558.000661,557.566045,557.151703,556.759586,556.391544,556.049319,555.734534,555.448687,555.193143,554.969125,554.77771,554.619819,554.496214,554.407495,554.35409,554.33626
552.774688,552.792831,552.847175,552.93746,553.063259,553.223975,553.418848,553.646958,553.90723,554.198443,554.519233,554.868101,555.243421,555.643449,556.066328,556.510097,556.9727,557.451991,557.945747,558.451672,558.967405,559.490532,560.018593,560.549087,561.079489,561.607252,562.129824,562.644655,563.149206,563.64097,564.117475,564.576303,565.0151,565.431595,565.823608,566.189069,566.52603,566.83268,567.107357,567.348561,567.554968,567.725437,567.85902,567.954975,568.012763,568.032062,568.012763,567.954975,567.85902,567.725437,567.554968,567.348561,567.107357,566.83268,566.52603,566.189069,565.823608,565.431595,565.0151,564.576303,564.117475,563.64097,563.149206,562.644655,562.129824,561.607252,561.079489,560.549087,560.018593,559.490532,558.967405,558.451672,557.945747,557.451991,556.9727,556.510097,556.066328,555.643449,555.243421,554.868101,554.519233,554.198443,553.90723,553.646958,553.418848,553.223975,553.063259,552.93746,552.847175,552.792831,552.774688
551.238216,551.256662,551.311912,551.403711,551.53163,551.695076,551.89329,552.125353,552.390195,552.686595,553.013189,553.368479,553.750837,554.158516,554.589652,555.042276,555.514318,556.00362,556.507937,557.024947,557.552262,558.087431,558.627953,559.17128,559.714834,560.256007,560.79218,561.320729,561.83904,562.344516,562.834599,563.306773,563.75859,564.187676,564.591751,564.968644,565.316307,565.632831,565.916464,566.165621,566.378898,566.555087,566.693182,566.792393,566.852149,566.872106,566.852149,566.792393,566.693182,566.555087,566.378898,566.165621,565.916464,565.632831,565.316307,564.968644,564.591751,564.187676,563.75859,563.306773,562.834599,562.344516,561.83904,561.320729,560.79218,560.256007,559.714834,559.17128,558.627953,558.087431,557.552262,557.024947,556.507937,556.00362,555.514318,555.042276,554.589652,554.158516,553.750837,553.368479,553.013189,552.686595,552.390195,552.125353,551.89329,551.695076,551.53163,551.403711,551.311912,551.256662,551.238216
549.734013,549.752749,549.808873,549.902128,550.032088,550.198161,550.39959,550.63546,550.904701,551.206094,551.538277,551.899752,552.288889,552.703938,553.143029,553.604185,554.085326,554.584277,555.098774,555.626474,556.164958,556.711742,557.264286,557.819996,558.376241,558.930358,559.479661,560.021457,560.553054,561.071775,561.574972,562.060042,562.524439,562.965693,563.381426,563.769368,564.127376,564.453448,564.745741,565.002587,565.222508,565.404229,565.546687,565.649047,565.710706,565.7313,565.710706,565.649047,565.546687,565.404229,565.222508,565.002587,564.745741,564.453448,564.127376,563.769368,563.381426,562.965693,562.524439,562.060042,561.574972,561.071775,560.553054,560.021457,559.479661,558.930358,558.376241,557.819996,557.264286,556.711742,556.164958,555.626474,555.098774,554.584277,554.085326,553.604185,553.143029,552.703938,552.288889,551.899752,551.538277,551.206094,550.904701,550.63546,550.39959,550.198161,550.032088,549.902128,549.808873,549.752749,549.734013
548.269016,548.288031,548.344992,548.439643,548.571558,548.740149,548.94466,549.184179,549.457638,549.76382,550.101363,550.46877,550.86441,551.286528,551.733252,552.202596,552.692469,553.200682,553.724954,554.262918,554.812129,555.37007,555.934163,556.501771,557.070214,557.636771,558.198696,558.753228,559.297601,559.82906,560.344873,560.842348,561.318849,561.771812,562.198765,562.597343,562.965309,563.300571,563.601201,563.865452,564.09177,564.278817,564.425477,564.53087,564.594362,564.615569,564.594362,564.53087,564.425477,564.278817,564.09177,563.865452,563.601201,563.300571,562.965309,562.597343,562.198765,561.771812,561.318849,560.842348,560.344873,559.82906,559.297601,558.753228,558.198696,557.636771,557.070214,556.501771,555.934163,555.37007,554.812129,554.262918,553.724954,553.200682,552.692469,552.202596,551.733252,551.286528,550.86441,550.46877,550.101363,549.76382,549.457638,549.184179,548.94466,548.740149,548.571558,548.439643,548.344992,548.288031,548.269016
546.849908,546.869189,546.926948,547.022931,547.156713,547.327707,547.53516,547.778162,548.055647,548.3664,548.709061,549.082132,549.483982,549.912854,550.366869,550.844035,551.342252,551.859318,552.392932,552.940709,553.500176,554.068786,554.643925,555.222915,555.803027,556.381488,556.955493,557.522215,558.078819,558.622473,559.150366,559.659721,560.147815,560.611995,561.049696,561.458464,561.835972,562.180041,562.488662,562.760008,562.992458,563.184611,563.335298,563.443599,563.508848,563.530643,563.508848,563.443599,563.335298,563.184611,562.992458,562.760008,562.488662,562.180041,561.835972,561.458464,561.049696,560.611995,560.147815,559.659721,559.150366,558.622473,558.078819,557.522215,556.955493,556.381488,555.803027,555.222915,554.643925,554.068786,553.500176,552.940709,552.392932,551.859318,551.342252,550.844035,550.366869,549.912854,549.483982,549.082132,548.709061,548.3664,548.055647,547.778162,547.53516,547.327707,547.156713,547.022931,546.926948,546.869189,546.849908
545.483091,545.502625,545.561143,545.65839,545.793946,545.967222,546.177471,546.423781,546.705092,547.020188,547.367712,547.746167,548.153919,548.58921,549.050158,549.534763,550.040915,550.566399,551.108902,551.666014,552.23524,552.814005,553.399658,553.989482,554.580704,555.170501,555.756011,556.334345,556.9026,557.457874,557.997278,558.517955,559.017098,559.491969,559.939917,560.358401,560.745007,561.097475,561.413716,561.691829,561.930128,562.127151,562.28168,562.392754,562.459679,562.482034,562.459679,562.392754,562.28168,562.127151,561.930128,561.691829,561.413716,561.097475,560.745007,560.358401,559.939917,559.491969,559.017098,558.517955,557.997278,557.457874,556.9026,556.334345,555.756011,555.170501,554.580704,553.989482,553.399658,552.814005,552.23524,551.666014,551.108902,550.566399,550.040915,549.534763,549.050158,548.58921,548.153919,547.746167,547.367712,547.020188,546.705092,546.423781,546.177471,545.967222,545.793946,545.65839,545.561143,545.502625,545.483091
544.17467,544.194443,544.253677,544.35212,544.48935,544.664784,544.877674,545.127112,545.412038,545.731241,546.083363,546.466907,546.880241,547.321603,547.789107,548.280748,548.794408,549.327859,549.878772,550.44472,551.023184,551.611562,552.20717,552.807255,553.409,554.009534,554.605943,555.195279,555.774576,556.340862,556.891176,557.422586,557.932205,558.417213,558.874878,559.302575,559.69781,560.058244,560.381713,560.666246,560.910093,561.111736,561.269911,561.383616,561.452131,561.475018,561.452131,561.383616,561.269911,561.111736,560.910093,560.666246,560.381713,560.058244,559.69781,559.302575,558.874878,558.417213,557.932205,557.422586,556.891176,556.340862,555.774576,555.195279,554.605943,554.009534,553.409,552.807255,552.20717,551.611562,551.023184,550.44472,549.878772,549.327859,548.794408,548.280748,547.789107,547.321603,546.880241,546.466907,546.083363,545.731241,545.412038,545.127112,544.877674,544.664784,544.48935,544.35212,544.253677,544.194443,544.17467
542.930428,542.950425,543.010333,543.109898,543.248703,543.426165,543.641536,543.893913,544.182238,544.5053,544.861743,545.250073,545.668654,546.115725,546.589396,547.087655,547.608376,548.149322,548.708148,549.282411,549.869569,550.466995,551.071975,551.681721,552.293375,552.904021,553.510695,554.110395,554.700093,555.276755,555.837351,556.378875,556.898368,557.392932,557.859756,558.296139,558.69951,559.067456,559.39774,559.688328,559.937407,560.143408,560.30502,560.421207,560.491222,560.51461,560.491222,560.421207,560.30502,560.143408,559.937407,559.688328,559.39774,559.067456,558.69951,558.296139,557.859756,557.392932,556.898368,556.378875,555.837351,555.276755,554.700093,554.110395,553.510695,552.904021,552.293375,551.681721,551.071975,550.466995,549.869569,549.282411,548.708148,548.149322,547.608376,547.087655,546.589396,546.115725,545.668654,545.250073,544.861743,544.5053,544.182238,543.893913,543.641536,543.426165,543.248703,543.109898,543.010333,542.950425,542.930428
541.755814,541.77602,541.836556,541.937171,542.077446,542.2568,542.474489,542.729611,543.021109,543.347775,543.708256,544.101055,544.524539,544.976944,545.456376,545.960819,546.488141,547.036092,547.602316,548.184352,548.779641,549.385529,549.999274,550.618056,551.23898,551.859088,552.475368,553.084767,553.684201,554.270575,554.840796,555.391791,555.920528,556.42404,556.899442,557.34396,557.754952,558.129934,558.466603,558.762862,559.016844,559.226927,559.39176,559.510273,559.581693,559.605552,559.581693,559.510273,559.39176,559.226927,559.016844,558.762862,558.466603,558.129934,557.754952,557.34396,556.899442,556.42404,555.920528,555.391791,554.840796,554.270575,553.684201,553.084767,552.475368,551.859088,551.23898,550.618056,549.999274,549.385529,548.779641,548.184352,547.602316,547.036092,546.488141,545.960819,545.456376,544.976944,544.524539,544.101055,543.708256,543.347775,543.021109,542.729611,542.474489,542.2568,542.077446,541.937171,541.836556,541.77602,541.755814
540.655925,540.676326,540.737445,540.839031,540.980668,541.161777,541.381614,541.63928,541.933721,542.263729,542.627953,543.024897,543.452928,543.91028,544.395057,544.905238,545.438683,545.993135,546.566224,547.155476,547.758311,548.372054,548.993938,549.621111,550.250644,550.879539,551.504742,552.12315,552.73163,553.327028,553.906193,554.465988,555.003318,555.515147,555.998524,556.450604,556.868681,557.250204,557.59281,557.894343,558.152883,558.366763,558.534591,558.655267,558.727993,558.752289,558.727993,558.655267,558.534591,558.366763,558.152883,557.894343,557.59281,557.250204,556.868681,556.450604,555.998524,555.515147,555.003318,554.465988,553.906193,553.327028,552.73163,552.12315,551.504742,550.879539,550.250644,549.621111,548.993938,548.372054,547.758311,547.155476,546.566224,545.993135,545.438683,544.905238,544.395057,543.91028,543.452928,543.024897,542.627953,542.263729,541.933721,541.63928,541.381614,541.161777,540.980668,540.839031,540.737445,540.676326,540.655925
539.635494,539.656074,539.717728,539.820208,539.963098,540.145819,540.367631,540.627637,540.924782,541.257864,541.62553,542.026285,542.458498,542.9204,543.410093,543.925553,544.464631,545.025064,545.604472,546.200364,546.810145,547.431119,548.060495,548.695394,549.332853,549.969841,550.603261,551.229968,551.84678,552.450492,553.037897,553.605801,554.151049,554.670543,555.161268,555.620319,556.044926,556.43248,556.780558,557.086953,557.349696,557.567076,557.737665,557.860335,557.934266,557.958965,557.934266,557.860335,557.737665,557.567076,557.349696,557.086953,556.780558,556.43248,556.044926,555.620319,555.161268,554.670543,554.151049,553.605801,553.037897,552.450492,551.84678,551.229968,550.603261,549.969841,549.332853,548.695394,548.060495,547.431119,546.810145,546.200364,545.604472,545.025064,544.464631,543.925553,543.410093,542.9204,542.458498,542.026285,541.62553,541.257864,540.924782,540.627637,540.367631,540.145819,539.963098,539.820208,539.717728,539.656074,539.635494
538.698879,538.719621,538.781763,538.885055,539.029085,539.213274,539.436885,539.69902,539.998628,540.334507,540.705307,541.109533,541.545554,542.0116,542.50577,543.026038,543.570249,544.136131,544.721294,545.323237,545.939348,546.566913,547.203118,547.845058,548.489744,549.13411,549.775023,550.409298,551.033708,551.645003,552.239924,552.815225,553.367696,553.894182,554.391612,554.857024,555.28759,555.680646,556.033719,556.344551,556.611129,556.831703,557.004814,557.129303,557.204334,557.229401,557.204334,557.129303,557.004814,556.831703,556.611129,556.344551,556.033719,555.680646,555.28759,554.857024,554.391612,553.894182,553.367696,552.815225,552.239924,551.645003,551.033708,550.409298,549.775023,549.13411,548.489744,547.845058,547.203118,546.566913,545.939348,545.323237,544.721294,544.136131,543.570249,543.026038,542.50577,542.0116,541.545554,541.109533,540.705307,540.334507,539.998628,539.69902,539.436885,539.213274,539.029085,538.885055,538.781763,538.719621,538.698879
537.850048,537.870936,537.933516,538.037541,538.182596,538.368105,538.593333,538.857384,539.159207,539.497603,539.871223,540.278573,540.71802,541.187795,541.685996,542.21059,542.759421,543.330209,543.920555,544.527945,545.149756,545.783256,546.425611,547.073895,547.72509,548.376102,549.023766,549.664859,550.296117,550.914244,551.515938,552.097906,552.656888,553.189677,553.693151,554.164297,554.600235,554.998252,555.355827,555.67066,555.940697,556.164152,556.339535,556.465665,556.541688,556.567087,556.541688,556.465665,556.339535,556.164152,555.940697,555.67066,555.355827,554.998252,554.600235,554.164297,553.693151,553.189677,552.656888,552.097906,551.515938,550.914244,550.296117,549.664859,549.023766,548.376102,547.72509,547.073895,546.425611,545.783256,545.149756,544.527945,543.920555,543.330209,542.759421,542.21059,541.685996,541.187795,540.71802,540.278573,539.871223,539.497603,539.159207,538.857384,538.593333,538.368105,538.182596,538.037541,537.933516,537.870936,537.850048
537.092576,537.113593,537.176562,537.281235,537.427199,537.613879,537.840541,538.106289,538.410077,538.750705,539.126825,539.536944,539.97943,540.452512,540.954287,541.48272,542.035649,542.610788,543.205732,543.817956,544.444824,545.08359,545.731404,546.385317,547.04229,547.699202,548.352859,549.000005,549.637342,550.261536,550.869245,551.457133,552.021896,552.560283,553.069126,553.545364,553.986074,554.388498,554.750073,555.06846,555.341569,555.567583,555.744985,555.872574,555.949478,555.975171,555.949478,555.872574,555.744985,555.567583,555.341569,555.06846,554.750073,554.388498,553.986074,553.545364,553.069126,552.560283,552.021896,551.457133,550.869245,550.261536,549.637342,549.000005,548.352859,547.699202,547.04229,546.385317,545.731404,545.08359,544.444824,543.817956,543.205732,542.610788,542.035649,541.48272,540.954287,540.452512,539.97943,539.536944,539.126825,538.750705,538.410077,538.106289,537.840541,537.613879,537.427199,537.281235,537.176562,537.113593,537.092576
536.429633,536.450763,536.51407,536.619307,536.766062,536.953761,537.18167,537.448896,537.754394,538.096964,538.475259,538.887789,539.332919,539.808881,540.313767,540.845541,541.402038,541.980967,542.579914,543.196347,543.82762,544.470973,545.123541,545.782357,546.444364,547.106415,547.765293,548.417714,549.060347,549.689828,550.302778,550.895826,551.465627,552.008893,552.522415,553.003092,553.447962,553.854227,554.21929,554.540775,554.816562,555.044808,555.22397,555.35283,555.430502,555.456452,555.430502,555.35283,555.22397,555.044808,554.816562,554.540775,554.21929,553.854227,553.447962,553.003092,552.522415,552.008893,551.465627,550.895826,550.302778,549.689828,549.060347,548.417714,547.765293,547.106415,546.444364,545.782357,545.123541,544.470973,543.82762,543.196347,542.579914,541.980967,541.402038,540.845541,540.313767,539.808881,539.332919,538.887789,538.475259,538.096964,537.754394,537.448896,537.18167,536.953761,536.766062,536.619307,536.51407,536.450763,536.429633
535.863979,535.885205,535.948799,536.054515,536.201941,536.390505,536.619473,536.887955,537.194903,537.539123,537.919266,538.333842,538.781219,539.259626,539.767155,540.301767,540.861295,541.443442,542.04579,542.6658,543.300815,543.948065,544.604673,545.267656,545.93394,546.60036,547.263675,547.920579,548.567714,549.201689,549.819096,550.416529,550.990615,551.538029,552.05553,552.539981,552.988388,553.39792,553.765948,554.090068,554.368133,554.598276,554.778935,554.908876,554.987201,555.01337,554.987201,554.908876,554.778935,554.598276,554.368133,554.090068,553.765948,553.39792,552.988388,552.539981,552.05553,551.538029,550.990615,550.416529,549.819096,549.201689,548.567714,547.920579,547.263675,546.60036,545.93394,545.267656,544.604673,543.948065,543.300815,542.6658,542.04579,541.443442,540.861295,540.301767,539.767155,539.259626,538.781219,538.333842,537.919266,537.539123,537.194903,536.887955,536.619473,536.390505,536.201941,536.054515,535.948799,535.885205,535.863979
535.397959,535.419263,535.483093,535.589202,535.737179,535.926453,536.15629,536.425801,536.733941,537.079513,537.461172,537.877429,538.326649,538.807062,539.31676,539.853702,540.415717,541.000507,541.605647,542.228593,542.86668,543.51713,544.177054,544.84346,545.513255,546.183262,546.850221,547.510807,548.16164,548.799306,549.420372,550.021409,550.599013,551.149835,551.670604,552.158156,552.609468,553.021684,553.392148,553.718433,553.998369,554.230071,554.411961,554.542789,554.621651,554.648,554.621651,554.542789,554.411961,554.230071,553.998369,553.718433,553.392148,553.021684,552.609468,552.158156,551.670604,551.149835,550.599013,550.021409,549.420372,548.799306,548.16164,547.510807,546.850221,546.183262,545.513255,544.84346,544.177054,543.51713,542.86668,542.228593,541.605647,541.000507,540.415717,539.853702,539.31676,538.807062,538.326649,537.877429,537.461172,537.079513,536.733941,536.425801,536.15629,535.926453,535.737179,535.589202,535.483093,535.419263,535.397959
535.033497,535.054862,535.118876,535.225291,535.373697,535.563524,535.794039,536.064352,536.373421,536.720048,537.10289,537.520456,537.971113,538.453091,538.96448,539.503238,540.067193,540.654043,541.26136,541.886596,542.527079,543.180024,543.842535,544.51161,545.184145,545.85695,546.526752,547.190209,547.843927,548.484473,549.108394,549.712241,550.292591,550.846072,551.36939,551.859362,552.312942,552.727252,553.099617,553.427591,553.708987,553.941906,554.124755,554.256277,554.335558,554.362047,554.335558,554.256277,554.124755,553.941906,553.708987,553.427591,553.099617,552.727252,552.312942,551.859362,551.36939,550.846072,550.292591,549.712241,549.108394,548.484473,547.843927,547.190209,546.526752,545.85695,545.184145,544.51161,543.842535,543.180024,542.527079,541.886596,541.26136,540.654043,540.067193,539.503238,538.96448,538.453091,537.971113,537.520456,537.10289,536.720048,536.373421,536.064352,535.794039,535.563524,535.373697,535.225291,535.118876,535.054862,535.033497
534.772093,534.793502,534.857647,534.964281,535.112995,535.303217,535.534217,535.805105,536.114837,536.462219,536.845907,537.26441,537.716096,538.199193,538.711792,539.251851,539.817194,540.405518,541.014394,541.641267,542.283465,542.938197,543.60256,544.273544,544.948041,545.622849,546.294685,546.960199,547.615982,548.258589,548.884554,549.490414,550.07273,550.628114,551.153258,551.644962,552.100165,552.515975,552.889701,553.218885,553.501327,553.735116,553.918653,554.050671,554.130252,554.156841,554.130252,554.050671,553.918653,553.735116,553.501327,553.218885,552.889701,552.515975,552.100165,551.644962,551.153258,550.628114,550.07273,549.490414,548.884554,548.258589,547.615982,546.960199,546.294685,545.622849,544.948041,544.273544,543.60256,542.938197,542.283465,541.641267,541.014394,540.405518,539.817194,539.251851,538.711792,538.199193,537.716096,537.26441,536.845907,536.462219,536.114837,535.805105,535.534217,535.303217,535.112995,534.964281,534.857647,534.793502,534.772093
534.614821,534.636256,534.70048,534.807246,534.956144,535.146604,535.377895,535.649127,535.959259,536.307095,536.69129,537.110356,537.56266,538.046429,538.559756,539.100595,539.666772,540.255982,540.865794,541.493652,542.136881,542.792685,543.458161,544.130293,544.805968,545.481979,546.155038,546.821787,547.478811,548.122657,548.749851,549.35692,549.940417,550.496945,551.023186,551.515932,551.97211,552.388821,552.763365,553.093276,553.376346,553.610659,553.794609,553.926925,554.006687,554.033336,554.006687,553.926925,553.794609,553.610659,553.376346,553.093276,552.763365,552.388821,551.97211,551.515932,551.023186,550.496945,549.940417,549.35692,548.749851,548.122657,547.478811,546.821787,546.155038,545.481979,544.805968,544.130293,543.458161,542.792685,542.136881,541.493652,540.865794,540.255982,539.666772,539.100595,538.559756,538.046429,537.56266,537.110356,536.69129,536.307095,535.959259,535.649127,535.377895,535.146604,534.956144,534.807246,534.70048,534.636256,534.614821
534.562325,534.583769,534.648019,534.754829,534.903789,535.094328,535.325716,535.597063,535.907328,536.255315,536.63968,537.058934,537.511444,537.995438,538.509006,539.050106,539.616561,540.206067,540.816191,541.444377,542.087949,542.744112,543.409959,544.082474,544.758542,545.434954,546.108422,546.775583,547.433021,548.07728,548.704883,549.312356,549.896247,550.453156,550.979764,551.472856,551.92936,552.346372,552.721189,553.051342,553.334622,553.569109,553.753197,553.885613,553.965435,553.992104,553.965435,553.885613,553.753197,553.569109,553.334622,553.051342,552.721189,552.346372,551.92936,551.472856,550.979764,550.453156,549.896247,549.312356,548.704883,548.07728,547.433021,546.775583,546.108422,545.434954,544.758542,544.082474,543.409959,542.744112,542.087949,541.444377,540.816191,540.206067,539.616561,539.050106,538.509006,537.995438,537.511444,537.058934,536.63968,536.255315,535.907328,535.597063,535.325716,535.094328,534.903789,534.754829,534.648019,534.583769,534.562325
