540.745208,540.761066,540.808643,540.887948,540.998996,541.141809,541.31641,541.522829,541.761099,542.031253,542.333325,542.667347,543.03335,543.431355,543.861379,544.323424,544.817482,545.343522,545.901496,546.491326,547.112904,547.766086,548.450683,549.166459,549.913121,550.690313,551.497604,552.334486,553.200357,554.094518,555.016156,555.964337,556.937993,557.93591,558.956718,559.998876,561.060661,562.140158,563.235249,564.343601,565.46266,566.589644,567.72154,568.855102,569.986852,571.113089,570.514934,569.844599,569.105392,568.30112,567.436057,566.514886,565.542648,564.52468,563.466546,562.373967,561.252753,560.108723,558.947642,557.775146,556.596687,555.417475,554.242433,553.076161,551.92291,550.78657,549.670671,548.578385,547.512554,546.475714,545.470132,544.497852,543.560733,542.660499,541.798785,540.977174,540.197236,539.460553,538.76874,538.123449,537.526377,536.979246,536.483784,536.041701,535.654643,535.32416,535.051658,534.838359,534.68526,534.593097,534.562325
540.792731,540.80857,540.85609,540.9353,541.046215,541.188854,541.363244,541.569413,541.807392,542.077215,542.378915,542.712524,543.078071,543.475578,543.905059,544.366518,544.859942,545.385304,545.942551,546.531606,547.152359,547.804664,548.488333,549.203127,549.948753,550.724852,551.530995,552.366669,553.231275,554.124109,555.044359,555.991091,556.963234,557.959576,558.978745,560.0192,561.07922,562.156888,563.250087,564.356486,565.473532,566.598446,567.728216,568.8596,569.989123,571.113089,570.561103,569.93489,569.237447,568.472302,567.643478,566.75545,565.813084,564.821587,563.786431,562.713293,561.607973,560.476328,559.324195,558.157324,556.981313,555.801545,554.623148,553.450944,552.289427,551.142743,550.014683,548.908689,547.827869,546.775023,545.752674,544.76311,543.808423,542.890556,542.011344,541.172556,540.375926,539.623187,538.916085,538.256388,537.645892,537.086405,536.579728,536.127628,535.731803,535.393842,535.115183,534.897072,534.740522,534.646285,534.614821
540.935121,540.950903,540.998252,541.077175,541.187689,541.329811,541.503567,541.708984,541.946092,542.214923,542.515509,542.847879,543.212061,543.608074,544.03593,544.49563,544.987159,545.510486,546.065555,546.652286,547.270566,547.920245,548.601132,549.312984,550.055504,550.828331,551.631031,552.463089,553.3239,554.21276,555.128853,556.071241,557.038854,558.030476,559.044734,560.080088,561.134816,562.207003,563.294535,564.395084,565.506101,566.624813,567.748216,568.873075,569.995929,571.113091,570.609471,570.029889,569.37701,568.654057,567.864781,567.013416,566.104628,565.143459,564.135261,563.085629,562.000329,560.885219,559.746182,558.58905,557.419538,556.243182,555.065287,553.890879,552.724678,551.571069,550.434093,549.317452,548.224514,547.158338,546.121702,545.117138,544.146976,543.213379,542.318391,541.463971,540.652032,539.884462,539.16315,538.489992,537.866892,537.295754,536.778461,536.316849,535.912676,535.567577,535.28303,535.060308,534.90045,534.804222,534.772093
541.171833,541.18752,541.234583,541.313031,541.422877,541.564139,541.73684,541.941006,542.176666,542.443847,542.74258,543.07289,543.434801,543.82833,544.253483,544.710258,545.198634,545.718576,546.270023,546.85289,547.467057,548.112369,548.788629,549.495589,550.232946,551.000331,551.797306,552.62335,553.477853,554.360105,555.269285,556.204452,557.164533,558.148308,559.154403,560.181277,561.227209,562.290287,563.3684,564.459224,565.560221,566.668626,567.781448,568.895466,570.007236,571.113092,570.659777,570.129085,569.523331,568.845413,568.098785,567.287413,566.415733,565.488595,564.511198,563.489027,562.427774,561.333274,560.211422,559.068102,557.909119,556.740135,555.566607,554.393748,553.226478,552.069408,550.926818,549.802655,548.70054,547.623786,546.575422,545.558227,544.574765,543.627428,542.718472,541.850054,541.024269,540.243175,539.50881,538.823207,538.18839,537.606368,537.079116,536.60855,536.196491,535.844633,535.554496,535.327392,535.164385,535.06626,535.033497
541.50196,541.517514,541.564179,541.641962,541.750876,541.890938,542.062168,542.264589,542.498226,542.763105,543.059251,543.386686,543.745428,544.135489,544.556871,545.009563,545.49354,546.008758,546.555151,547.132624,547.741052,548.380272,549.050076,549.75021,550.480362,551.240156,552.029144,552.846798,553.6925,554.565534,555.465073,556.390169,557.339743,558.312574,559.307285,560.322334,561.356001,562.406377,563.471357,564.548625,565.635652,566.729689,567.827761,568.92667,570.022993,571.113095,570.711751,570.231946,569.675629,569.045352,568.344247,567.57599,566.744761,565.855185,564.912281,563.921387,562.888098,561.818187,560.717532,559.59204,558.447577,557.2899,556.1246,554.957046,553.792345,552.635312,551.49045,550.361942,549.253651,548.169138,547.111678,546.084294,545.089789,544.130781,543.209743,542.329038,541.490951,540.697714,539.951526,539.254564,538.608982,538.016904,537.480405,537.001489,536.582052,536.223849,535.928454,535.697219,535.531239,535.431321,535.397959
541.924234,541.939618,541.985774,542.062707,542.170428,542.308952,542.478298,542.678483,542.909531,543.171462,543.464296,543.78805,544.142735,544.528356,544.944909,545.392374,545.870719,546.379891,546.919813,547.490383,548.091465,548.722885,549.384426,550.075824,550.796755,551.546832,552.325599,553.132517,553.966959,554.828199,555.715401,556.627612,557.563747,558.522579,559.502728,560.502653,561.520635,562.554768,563.602955,564.66289,565.732059,566.807729,567.886948,568.966544,570.043127,571.113098,570.765116,570.337926,569.833095,569.252813,568.59987,567.87763,567.089986,566.241316,565.336423,564.380475,563.378932,562.337477,561.261938,560.158214,559.032204,557.889733,556.736496,555.577996,554.419506,553.266026,552.122266,550.99263,549.881213,548.791815,547.727953,546.692891,545.689667,544.72113,543.789972,542.898766,542.049992,541.246065,540.489353,539.782183,539.12685,538.525601,537.98062,537.494007,537.06774,536.703644,536.40335,536.168258,535.999498,535.897902,535.863979
542.437032,542.45221,542.497745,542.573644,542.679915,542.81657,542.983624,543.181092,543.408991,543.667337,543.956144,544.275422,544.625175,545.005399,545.41608,545.857191,546.328689,546.83051,547.362567,547.924746,548.516898,549.138839,549.790339,550.471119,551.180844,551.919116,552.685464,553.479338,554.300099,555.147011,556.019228,556.915789,557.8356,558.777431,559.739899,560.72146,561.720398,562.734814,563.762617,564.801515,565.849011,566.902395,567.95874,569.014908,570.067547,571.113102,570.819589,570.446462,569.994896,569.466701,568.864311,568.190751,567.449607,566.64498,565.781432,564.863927,563.897763,562.888499,561.841883,560.763776,559.660077,558.536653,557.399275,556.253556,555.10491,553.958504,552.819236,551.691716,550.58026,549.488897,548.42138,547.381206,546.371651,545.395791,544.456542,543.556688,542.698911,541.885814,541.119939,540.403776,539.739765,539.130284,538.577636,538.084023,537.651515,537.282011,536.977208,536.738556,536.567225,536.464075,536.429633
543.038374,543.053309,543.098117,543.1728,543.277368,543.411827,543.576189,543.770466,543.994668,544.248804,544.532882,544.846903,545.190863,545.564749,545.968535,546.402186,546.865644,547.358835,547.881658,548.433985,549.015655,549.626469,550.266181,550.934499,551.631073,552.35549,553.107265,553.885833,554.690543,555.520646,556.375286,557.253489,558.154156,559.07605,560.017784,560.977815,561.954427,562.94573,563.949642,564.963887,565.985989,567.013261,568.042812,569.07154,570.096139,571.113105,570.874881,570.55698,570.160177,569.685892,569.136181,568.513715,567.821749,567.064082,566.245009,565.369261,564.44194,563.468455,562.454441,561.405689,560.328068,559.227458,558.109678,556.980428,555.845235,554.709413,553.57803,552.455886,551.347504,550.25713,549.188745,548.146077,547.13263,546.151712,545.206459,544.299872,543.434837,542.614151,541.840537,541.116653,540.445091,539.82837,539.268918,538.769047,538.330923,537.956531,537.647634,537.40574,537.232063,537.127494,537.092576
543.725929,543.740587,543.78456,543.857853,543.960468,544.092413,544.253692,544.444313,544.66428,544.913595,545.192256,545.500257,545.837582,546.204209,546.600101,547.025208,547.47946,547.962769,548.47502,549.016069,549.585739,550.183815,550.810035,551.46409,552.145613,552.854175,553.589274,554.35033,555.136677,555.947551,556.782084,557.639292,558.518067,559.417164,560.335194,561.270611,562.221707,563.186595,564.163208,565.149288,566.142381,567.139832,568.138785,569.136183,570.128772,571.113109,570.930699,570.668898,570.32807,569.909234,569.414058,568.844838,568.204479,567.496455,566.724767,565.893885,565.00869,564.074405,563.096524,562.080736,561.032853,559.958734,558.86422,557.755068,556.636898,555.515146,554.395031,553.281524,552.179341,551.092935,550.0265,548.983992,547.96914,546.985476,546.036361,545.12501,544.254518,543.42788,542.648005,541.917725,541.239793,540.616872,540.051523,539.546176,539.103101,538.724369,538.411821,538.167025,537.991241,537.885394,537.850048
544.497022,544.511368,544.554404,544.626132,544.726555,544.855673,545.013488,545.200001,545.415208,545.659105,545.931679,546.232916,546.562787,546.921259,547.308281,547.723789,548.1677,548.639909,549.140284,549.668666,550.224859,550.80863,551.419699,552.05774,552.722365,553.413127,554.129508,554.870909,555.636647,556.425945,557.237919,558.071573,558.925791,559.79932,560.690767,561.598588,562.521077,563.456357,564.402376,565.356896,566.31749,567.281537,568.246223,569.208541,570.165296,571.113113,570.986751,570.781627,570.497693,570.135558,569.696489,569.182395,568.59581,567.939863,567.218236,566.435113,565.595124,564.703279,563.764898,562.78554,561.770926,560.726867,559.659197,558.573703,557.47607,556.371836,555.266346,554.164726,553.071868,551.992416,550.930773,549.891107,548.877369,547.893313,546.942521,546.028423,545.154325,544.323423,543.538817,542.803516,542.12044,541.492405,540.922109,540.412107,539.964777,539.582286,539.266554,539.019213,538.841576,538.734602,538.698879
545.348637,545.362636,545.404635,545.474632,545.572627,545.698617,545.852597,546.034562,546.244501,546.4824,546.748239,547.041988,547.36361,547.713056,548.090263,548.49515,548.927618,549.387546,549.874783,550.389151,550.930437,551.498385,552.092699,552.713029,553.358969,554.030052,554.725739,555.445413,556.188374,556.953826,557.740873,558.548505,559.375595,560.220885,561.082977,561.960328,562.851236,563.753837,564.666094,565.585792,566.510534,567.43774,568.364641,569.288285,570.205544,571.113116,571.042742,570.894575,570.668157,570.363681,569.982002,569.524629,568.993713,568.392015,567.722878,566.990173,566.198254,565.351888,564.456194,563.516569,562.538613,561.52806,560.490706,559.43234,558.358689,557.275364,556.187816,555.101308,554.020887,552.951378,551.897375,550.863252,549.853174,548.871111,547.920863,547.006076,546.130266,545.296832,544.509068,543.770166,543.083217,542.451194,541.876941,541.36314,540.912284,540.526641,540.208215,539.958707,539.779484,539.671543,539.635494
546.277422,546.291044,546.331908,546.400013,546.495353,546.617921,546.767709,546.944702,547.148882,547.380224,547.638698,547.924263,548.236867,548.576448,548.942926,549.336206,549.756169,550.202675,550.675556,551.174614,551.699612,552.250277,552.826288,553.427275,554.05281,554.702404,555.375497,556.071453,556.789552,557.52898,558.288826,559.068067,559.865565,560.680054,561.510134,562.354263,563.210746,564.07773,564.953197,565.834959,566.720653,567.607739,568.493502,569.375052,570.24933,571.113119,571.098378,571.007153,570.83857,570.592409,570.269107,569.869762,569.396124,568.850575,568.236094,567.556221,566.815004,566.016943,565.166925,564.270157,563.332088,562.358344,561.354655,560.326784,559.280471,558.221377,557.155036,556.086823,555.021927,553.965333,552.921816,551.895944,550.892086,549.914423,548.966969,548.053584,547.177992,546.343796,545.554487,544.813444,544.123932,543.489086,542.911899,542.395188,541.941566,541.553404,541.232796,540.981515,540.800984,540.692243,540.655925
547.279703,547.292915,547.332552,547.398608,547.491075,547.609943,547.755193,547.926806,548.124754,548.349003,548.599509,548.876219,549.179068,549.507977,549.86285,550.243574,550.650012,551.082004,551.539362,552.021864,552.529253,553.061233,553.617461,554.197541,554.801025,555.427399,556.076082,556.746416,557.437661,558.148985,558.879461,559.628051,560.393607,561.174856,561.970396,562.778685,563.598037,564.426614,565.262418,566.103291,566.946905,567.790769,568.632223,569.468445,570.296454,571.113122,571.153369,571.11877,571.008044,570.820551,570.556308,570.215997,569.800958,569.313172,568.755242,568.130352,567.442224,566.695063,565.893499,565.042516,564.147386,563.213597,562.246782,561.252651,560.23693,559.205302,558.163362,557.116576,556.070251,555.029518,553.999318,552.9844,551.989328,551.018486,550.076095,549.166224,548.292809,547.459654,546.670447,545.928756,545.238024,544.601554,544.02249,543.503788,543.048185,542.658162,542.335903,542.083259,541.901711,541.792343,541.755814
548.351486,548.36426,548.40258,548.466439,548.555825,548.670722,548.811107,548.97695,549.168215,549.384856,549.626817,549.894033,550.186422,550.503889,550.846321,551.213585,551.605526,552.021962,552.462682,552.927442,553.415964,553.927925,554.462958,555.020645,555.600512,556.202021,556.824567,557.467472,558.129973,558.811221,559.510269,560.226069,560.957459,561.703161,562.461769,563.231747,564.011417,564.798956,565.592391,566.389593,567.188279,567.986006,568.780176,569.568039,570.346699,571.113124,571.207427,571.228844,571.175692,571.046915,570.842111,570.561536,570.206113,569.777413,569.277644,568.709617,568.076706,567.382796,566.632233,565.829753,564.980421,564.089558,563.162671,562.205388,561.223393,560.222366,559.207935,558.185637,557.160877,556.138912,555.124832,554.123555,553.139827,552.178228,551.243178,550.338954,549.469693,548.639405,547.851975,547.111159,546.420581,545.783714,545.203857,544.684109,544.227336,543.836129,543.512769,543.259186,543.076924,542.967109,542.930428
549.488471,549.500778,549.537697,549.599217,549.685325,549.795997,549.931203,550.090907,550.27506,550.483606,550.716477,550.97359,551.254851,551.560146,551.889344,552.242292,552.618813,553.018705,553.441733,553.887631,554.356094,554.846774,555.359281,555.893169,556.44794,557.023031,557.617814,558.231585,558.863563,559.512877,560.178564,560.859561,561.554696,562.262686,562.982123,563.711475,564.449074,565.193116,565.941653,566.692592,567.443694,568.192571,568.93669,569.67338,570.399835,571.113125,571.260271,571.336802,571.34064,571.270323,571.125025,570.904581,570.609486,570.240894,569.800604,569.291037,568.715197,568.076632,567.379375,566.62789,565.827006,564.981848,564.097771,563.18029,562.235018,561.267608,560.283697,559.288864,558.288594,557.288249,556.293053,555.308075,554.338233,553.38829,552.462861,551.56642,550.703306,549.877728,549.093768,548.355373,547.666347,547.030334,546.450793,545.930968,545.473856,545.082163,544.758268,544.504184,544.321517,544.211442,544.17467
550.686063,550.697877,550.733314,550.792364,550.875006,550.981213,551.110946,551.264161,551.440799,551.640791,551.864056,552.110496,552.38,552.672436,552.987653,553.325479,553.685716,554.068136,554.472482,554.898463,555.345748,555.813965,556.302695,556.811469,557.339759,557.88698,558.452477,559.035524,559.635315,560.250962,560.881485,561.525806,562.182744,562.851008,563.529193,564.215769,564.909084,565.607352,566.308654,567.010936,567.712004,568.409532,569.101056,569.783988,570.455618,571.113125,571.311626,571.442081,571.50203,571.489609,571.403579,571.243347,571.008982,570.701211,570.321416,569.871611,569.354416,568.773017,568.131115,567.432876,566.682866,565.885987,565.047412,564.172517,563.266817,562.335907,561.385408,560.420919,559.447981,558.472042,557.498437,556.532377,555.578933,554.643042,553.729502,552.842979,551.988007,551.168992,550.39021,549.655798,548.96974,548.335853,547.757756,547.238842,546.78224,546.390774,546.066924,545.812787,545.630036,545.51989,545.483091
551.939384,551.950679,551.984561,552.041015,552.120018,552.221534,552.345521,552.491921,552.660667,552.851677,553.064855,553.300088,553.557247,553.836184,554.136726,554.458679,554.801823,555.165908,555.55065,555.955734,556.380803,556.825457,557.289251,557.771688,558.272215,558.790219,559.325021,559.87587,560.441939,561.022319,561.616014,562.221932,562.838882,563.46557,564.10059,564.742421,565.389423,566.039833,566.691765,567.343203,567.992007,568.635911,569.272529,569.899359,570.513793,571.113125,571.361225,571.544133,571.65902,571.703631,571.676319,571.57607,571.402522,571.155974,570.83738,570.448339,569.991069,569.468376,568.88361,568.240613,567.543664,566.797415,566.006831,565.17712,564.31367,563.421994,562.507669,561.57629,560.633428,559.684598,558.735228,557.790648,556.856074,555.936599,555.037196,554.162714,553.317875,552.507278,551.735388,551.006529,550.324868,549.694393,549.118885,548.601884,548.146656,547.756144,547.432931,547.179199,546.996689,546.886668,546.849908
553.243286,553.254041,553.286298,553.340042,553.415243,553.511863,553.629847,553.769132,553.929638,554.111269,554.313916,554.53745,554.781724,555.046569,555.331794,555.637183,555.962491,556.307444,556.671735,557.05502,557.456917,557.876998,558.314791,558.769771,559.241358,559.728912,560.231728,560.749033,561.279977,561.823631,562.378982,562.944925,563.520261,564.103692,564.693814,565.289114,565.88797,566.488642,567.089278,567.687907,568.282443,568.870687,569.450332,570.018968,570.574093,571.113124,571.408811,571.642427,571.810793,571.911274,571.941824,571.901014,571.788057,571.602817,571.345818,571.018231,570.621864,570.159126,569.632995,569.046968,568.405015,567.711514,566.97119,566.189059,565.370357,564.520484,563.644948,562.749314,561.839161,560.920046,559.997472,559.07687,558.163582,557.262846,556.379797,555.519456,554.686728,553.886395,553.12311,552.401379,551.72555,551.099781,550.528015,550.013942,549.560963,549.172142,548.850167,548.597306,548.415369,548.305671,548.269016
554.592371,554.602563,554.633133,554.684061,554.755314,554.846847,554.958598,555.090493,555.24244,555.414332,555.606043,555.817428,556.048323,556.298538,556.567863,556.856056,557.162852,557.487951,557.83102,558.191688,558.569546,558.964139,559.374966,559.801475,560.243058,560.699048,561.168717,561.651264,562.14582,562.651436,563.167082,563.691642,564.223908,564.76258,565.306258,565.853439,566.402519,566.951786,567.499423,568.043506,568.582008,569.1128,569.633658,570.14227,570.636244,571.113122,571.454136,571.736453,571.956558,572.111455,572.198709,572.216486,572.163575,572.039411,571.844081,571.578328,571.243532,570.841696,570.375407,569.847801,569.262514,568.623625,567.935599,567.203229,566.431572,565.625891,564.791596,563.934198,563.05926,562.172357,561.279045,560.384839,559.495187,558.61546,557.750939,556.906808,556.088143,555.299905,554.546926,553.833895,553.165332,552.545567,551.978702,551.468577,551.01873,550.632345,550.312215,550.060697,549.879668,549.770496,549.734013
555.981002,555.990613,556.019439,556.067457,556.13463,556.220905,556.326214,556.450472,556.593575,556.755403,556.935815,557.134649,557.351721,557.586824,557.839724,558.110159,558.397837,558.702435,559.023593,559.360913,559.713959,560.082248,560.46525,560.862387,561.273021,561.696461,562.131951,562.578668,563.035721,563.502141,563.976885,564.458823,564.946743,565.439342,565.935225,566.432902,566.930788,567.427203,567.920366,568.408405,568.889353,569.361155,569.821676,570.268703,570.69996,571.113119,571.496967,571.825723,572.095557,572.30313,572.445634,572.520837,572.527116,572.463476,572.329572,572.125709,571.852839,571.512542,571.107004,570.63898,570.111752,569.529078,568.895139,568.214481,567.491955,566.732658,565.941881,565.125051,564.28769,563.435371,562.573679,561.708192,560.844449,559.987933,559.14406,558.318164,557.515482,556.741144,556.000157,555.297382,554.637514,554.025046,553.464242,552.959088,552.513257,552.130057,551.812385,551.562684,551.382904,551.27446,551.238216
557.403329,557.412342,557.439373,557.484398,557.547374,557.628242,557.726925,557.843327,557.977335,558.128813,558.297606,558.483534,558.686395,558.905961,559.141977,559.394158,559.662189,559.945719,560.244363,560.557698,560.885257,561.22653,561.580961,561.947941,562.326807,562.71684,563.117259,563.527219,563.945807,564.372037,564.80485,565.243107,565.685589,566.130994,566.577934,567.024933,567.470429,567.912772,568.350225,568.780966,569.203094,569.614632,570.013533,570.397692,570.764951,571.113116,571.53708,571.909771,572.227068,572.485301,572.681309,572.812477,572.876776,572.872793,572.79975,572.657516,572.446605,572.16817,571.823983,571.416403,570.94834,570.423211,569.844889,569.217649,568.546112,567.835184,567.090007,566.315903,565.518327,564.702823,563.874987,563.040436,562.204779,561.3736,560.55243,559.746739,558.961916,558.20325,557.475912,556.784932,556.135171,555.531286,554.977695,554.478532,554.037603,553.658336,553.343734,553.096328,552.918135,552.810624,552.774688
558.853303,558.861704,558.886899,558.928859,558.987537,559.062868,559.154767,559.263128,559.387825,559.528708,559.685607,559.858325,560.046642,560.250308,560.469048,560.702553,560.950484,561.212464,561.488083,561.776889,562.078389,562.392046,562.717273,563.053434,563.399842,563.755749,564.120351,564.492779,564.8721,565.257312,565.647341,566.04104,566.437186,566.834478,567.231536,567.626902,568.019037,568.406324,568.787072,569.159514,569.521817,569.872083,570.208361,570.528652,570.830921,571.113113,571.574269,571.988164,572.350404,572.657017,572.904502,573.089878,573.210725,573.265218,573.252151,573.17096,573.021721,572.805153,572.522603,572.176022,571.767933,571.301393,570.779947,570.207576,569.588645,568.927846,568.230148,567.50074,566.744984,565.968374,565.176492,564.374973,563.569478,562.765668,561.969178,561.185599,560.420456,559.679187,558.96712,558.289446,557.651184,557.05715,556.511914,556.019753,555.584605,555.210017,554.899096,554.65446,554.478195,554.371821,554.33626
560.324706,560.332483,560.355805,560.39464,560.448938,560.518626,560.60361,560.703775,560.818981,560.949067,561.093846,561.253104,561.426602,561.61407,561.815211,562.029694,562.257153,562.497189,562.749364,563.0132,563.288176,563.573726,563.869238,564.174049,564.487442,564.808646,565.136833,565.471111,565.810529,566.154069,566.500643,566.849097,567.198206,567.546671,567.893124,568.236124,568.574159,568.905649,569.228948,569.542348,569.844086,570.132347,570.405276,570.660986,570.897569,571.113109,571.608342,572.060493,572.464925,572.817382,573.114046,573.351588,573.52721,573.638687,573.684398,573.663344,573.575166,573.420147,573.199202,572.913862,572.566252,572.159052,571.695459,571.17914,570.614181,570.005036,569.356474,568.673528,567.961444,567.22564,566.471659,565.705134,564.931757,564.157247,563.387324,562.627685,561.883979,561.16178,560.466562,559.803666,559.178266,558.595329,558.059572,557.57541,557.146912,556.777741,556.471107,556.229713,556.055714,555.95068,555.915562
561.811169,561.818313,561.839734,561.875398,561.92525,561.989211,562.067177,562.159025,562.264601,562.383732,562.516213,562.661816,562.820281,562.99132,563.174611,563.369803,563.576505,563.794294,564.022704,564.261231,564.509328,564.766401,565.031811,565.304867,565.584829,565.8709,566.162228,566.457901,566.75695,567.05834,567.360974,567.663692,567.965266,568.264404,568.559748,568.849879,569.133313,569.408508,569.673867,569.927743,570.168445,570.394245,570.603386,570.794095,570.964593,571.113105,571.639122,572.126384,572.570034,572.965558,573.308844,573.596233,573.824568,573.991237,574.094212,574.132072,574.104024,574.009913,573.850218,573.626046,573.33911,572.991699,572.586645,572.127282,571.617396,571.06118,570.463181,569.828248,569.16149,568.468222,567.753926,567.02421,566.284775,565.54138,564.79981,564.065853,563.345264,562.643743,561.966896,561.320207,560.708994,560.138369,559.61319,559.138007,558.717014,558.353987,558.052237,557.814551,557.643152,557.539658,557.50505
563.306201,563.312705,563.332205,563.364665,563.410025,563.468197,563.539074,563.622517,563.718364,563.826427,563.946486,564.078295,564.221576,564.376022,564.541289,564.717003,564.902749,565.09808,565.302504,565.515492,565.736468,565.964814,566.199863,566.440899,566.687156,566.937813,567.191996,567.448775,567.707161,567.966108,568.224508,568.481196,568.734945,568.984469,569.228426,569.465417,569.693989,569.912641,570.119828,570.313964,570.493432,570.656594,570.801794,570.927375,571.031687,571.113102,571.666451,572.185495,572.665184,573.100772,573.487876,573.822529,574.101233,574.321008,574.479431,574.574668,574.605498,574.571331,574.472211,574.308813,574.08243,573.794948,573.448822,573.047033,572.593048,572.090778,571.544523,570.958929,570.338938,569.689742,569.016738,568.325486,567.621675,566.91108,566.199536,565.492901,564.797024,564.117713,563.460698,562.83159,562.235844,561.678709,561.165176,560.699926,560.287272,559.931101,559.634821,559.401301,559.23283,559.131073,559.097041
564.803218,564.809078,564.826646,564.855882,564.89672,564.94907,565.012813,565.087801,565.173861,565.27079,565.378354,565.49629,565.624302,565.762062,565.909207,566.065339,566.230021,566.40278,566.583101,566.770428,566.96416,567.163652,567.368212,567.577099,567.789523,568.00464,568.221555,568.439319,568.656928,568.873322,569.087388,569.297954,569.503798,569.703643,569.89616,570.079975,570.253669,570.415782,570.564822,570.699268,570.81758,570.91821,570.999604,571.060223,571.098548,571.113098,571.690187,572.237519,572.74988,573.222318,573.650203,574.029285,574.355747,574.626259,574.838017,574.988786,575.076929,575.101424,575.061881,574.958542,574.792273,574.564551,574.277436,573.933544,573.536006,573.088427,572.594844,572.059673,571.48767,570.883876,570.253582,569.602276,568.935612,568.259364,567.579393,566.901611,566.231943,565.576291,564.940492,564.330277,563.751226,563.208713,562.707858,562.253464,561.849958,561.501336,561.211096,560.982189,560.816966,560.717139,560.683747
566.29557,566.300786,566.316417,566.342423,566.378733,566.42525,566.481846,566.548366,566.624623,566.710401,566.805452,566.909496,567.02222,567.143275,567.272278,567.408809,567.55241,567.702582,567.858787,568.020444,568.186926,568.357565,568.531642,568.708393,568.887004,569.066611,569.246298,569.425099,569.601996,569.775918,569.945745,570.110304,570.268376,570.418694,570.559949,570.69079,570.809834,570.915664,571.006844,571.081918,571.139427,571.17791,571.195921,571.192038,571.164874,571.113095,571.710209,572.282188,572.823682,573.32956,573.794975,574.215415,574.586768,574.905373,575.168067,575.372227,575.515809,575.59737,575.616088,575.571772,575.46486,575.296411,575.068083,574.782111,574.441274,574.048858,573.608609,573.124697,572.601667,572.044389,571.458021,570.847959,570.219798,569.57929,568.932302,568.284782,567.642712,567.012072,566.398792,565.80871,565.247519,564.72071,564.23352,563.790868,563.397291,563.056885,562.773237,562.549374,562.38771,562.29,562.257311
567.776577,567.781148,567.794848,567.817633,567.849427,567.890126,567.939596,567.99767,568.064152,568.138812,568.221387,568.311581,568.409064,568.513468,568.624391,568.74139,568.863986,568.991657,569.123841,569.259932,569.399281,569.541194,569.68493,569.829701,569.974671,570.118956,570.261622,570.401686,570.538117,570.669837,570.795718,570.914589,571.025236,571.126404,571.216803,571.295111,571.359978,571.410035,571.443902,571.460191,571.45752,571.434524,571.38986,571.322225,571.230365,571.113092,571.726412,572.319269,572.886204,573.421938,573.92143,574.379937,574.793074,575.156873,575.467828,575.722949,575.919797,576.056518,576.131867,576.145223,576.096594,575.986616,575.816538,575.588206,575.304031,574.96696,574.580438,574.148363,573.675047,573.165169,572.623732,572.056015,571.467535,570.863996,570.251255,569.635272,569.022071,568.41769,567.828141,567.259352,566.717115,566.20703,565.734443,565.304377,564.921474,564.589922,564.313396,564.094994,563.937187,563.841773,563.809847
569.239554,569.243487,569.25527,569.274855,569.302165,569.337089,569.379483,569.429174,569.485952,569.549576,569.619769,569.696218,569.778577,569.866461,569.959445,570.057069,570.158831,570.264187,570.372553,570.483299,570.595754,570.709199,570.822872,570.935963,571.047616,571.156926,571.262944,571.364672,571.461068,571.551044,571.633472,571.707181,571.770965,571.823581,571.863761,571.890211,571.90162,571.896666,571.874025,571.83238,571.770428,571.686896,571.580547,571.450198,571.294727,571.113091,571.738714,572.34857,572.937122,573.498969,574.028905,574.521984,574.973574,575.379422,575.735705,576.039081,576.286734,576.476411,576.606453,576.675816,576.68408,576.631457,576.518783,576.347502,576.11965,575.83782,575.505136,575.125209,574.702097,574.240267,573.744543,573.220068,572.672255,572.106742,571.529352,570.946038,570.362846,569.78586,569.22115,568.674723,568.152459,567.660053,567.202946,566.786262,566.414737,566.092646,565.823744,565.611198,565.457533,565.364589,565.333482
570.677855,570.681157,570.691045,570.707469,570.730348,570.759564,570.794968,570.836374,570.883565,570.936286,570.994246,571.057119,571.12454,571.196107,571.271379,571.349873,571.431068,571.514398,571.599257,571.684995,571.770916,571.856282,571.940309,572.022165,572.100975,572.175818,572.245729,572.309697,572.36667,572.415554,572.455219,572.484498,572.502192,572.507076,572.497902,572.473407,572.432319,572.373364,572.295278,572.19681,572.076742,571.933891,571.767127,571.575383,571.357671,571.113089,571.747051,572.369939,572.97617,573.560249,574.116836,574.640807,575.127313,575.57184,575.970269,576.318931,576.61465,576.854791,577.037292,577.160692,577.22415,577.227456,577.171026,577.055902,576.883732,576.656745,576.377729,576.049988,575.677312,575.263931,574.814473,574.333919,573.82756,573.300945,572.759841,572.210176,571.657998,571.109414,570.570543,570.047451,569.546092,569.072242,568.631431,568.22887,567.869381,567.55732,567.296516,567.090198,566.940945,566.850631,566.820399
572.084902,572.087583,572.095607,572.108923,572.127444,572.151047,572.179576,572.212838,572.250602,572.292603,572.338538,572.388066,572.440805,572.496337,572.554203,572.613901,572.674891,572.736586,572.79836,572.859541,572.919414,572.977219,573.032152,573.083363,573.129958,573.171002,573.205513,573.23247,573.250814,573.259446,573.257235,573.243018,573.215609,573.173797,573.11636,573.042065,572.94968,572.837982,572.705762,572.551844,572.375086,572.174401,571.948762,571.69722,571.418915,571.113089,571.75138,572.383267,573.003145,573.605458,574.184761,574.735779,575.253474,575.7331,576.170269,576.561001,576.901786,577.189621,577.422057,577.597229,577.71388,577.77138,577.769731,577.709564,577.592134,577.419298,577.193491,576.917699,576.595425,576.230642,575.827764,575.391589,574.927262,574.440224,573.936163,573.420964,572.900655,572.381352,571.869198,571.370307,570.890691,570.436196,570.012425,569.624668,569.277821,568.976318,568.724052,568.52431,568.379719,568.292188,568.262882
573.454223,573.456296,573.462497,573.472772,573.487029,573.505141,573.526945,573.552238,573.580781,573.612298,573.646471,573.682947,573.721329,573.761183,573.802032,573.843358,573.884599,573.925153,573.964371,574.001564,574.035995,574.066887,574.093415,574.114713,574.129872,574.13794,574.137924,574.128793,574.109481,574.078887,574.03588,573.979305,573.907986,573.820731,573.716343,573.593621,573.451374,573.288428,573.103635,572.895887,572.664124,572.40735,572.124642,571.815165,571.478187,571.113089,571.751678,572.388483,573.017906,573.634359,574.232321,574.806399,575.35139,575.862346,576.334633,576.763993,577.146595,577.479094,577.758667,577.983059,578.150608,578.260271,578.311637,578.304926,578.240996,578.121321,577.947978,577.72362,577.451443,577.135152,576.778922,576.387352,575.96542,575.518437,575.051993,574.571906,574.084166,573.594878,573.110194,572.636257,572.179122,571.74469,571.338626,570.966287,570.632636,570.342171,570.098845,569.905999,569.766301,569.681693,569.653359
574.77949,574.780972,574.785398,574.792713,574.802821,574.81559,574.83085,574.84839,574.867962,574.889278,574.912011,574.935791,574.960211,574.984818,575.009121,575.032585,575.054629,575.074635,575.091934,575.10582,575.115537,575.12029,575.119238,575.111499,575.096147,575.072218,575.03871,574.994582,574.938764,574.870152,574.787621,574.69002,574.576189,574.444954,574.295142,574.125589,573.935143,573.72268,573.487112,573.227401,572.942566,572.6317,572.293983,571.928695,571.535225,571.113091,571.747944,572.38556,573.020377,573.646802,574.259268,574.852292,575.42054,575.958887,576.462484,576.926814,577.347758,577.721643,578.045295,578.316083,578.531954,578.69146,578.79378,578.838729,578.826763,578.758969,578.637058,578.463335,578.240682,577.972515,577.662755,577.315781,576.936385,576.529727,576.101278,575.656771,575.202137,574.743449,574.286854,573.838502,573.404479,572.990723,572.602951,572.246572,571.926609,571.647613,571.41359,571.227927,571.093331,571.011774,570.984454
576.054556,576.055466,576.058176,576.062626,576.068721,576.07632,576.085249,576.095289,576.106183,576.117633,576.129301,576.140804,576.151722,576.161589,576.169896,576.176093,576.179586,576.179735,576.175859,576.16723,576.15308,576.132594,576.104918,576.069152,576.024361,575.969568,575.90376,575.825892,575.734889,575.629648,575.509047,575.371946,575.217197,575.043648,574.850152,574.635578,574.398817,574.138794,573.854482,573.544908,573.209172,572.846455,572.456038,572.037307,571.589776,571.113092,571.740198,572.374514,573.010544,573.642721,574.265459,574.873217,575.460557,576.022209,576.553135,577.04859,577.504187,577.915953,578.280383,578.594487,578.855834,579.062585,579.213516,579.30804,579.346212,579.328733,579.256935,579.132774,578.958798,578.738125,578.474404,578.171776,577.83483,577.468554,577.078281,576.669637,576.248476,575.82082,575.392788,574.970526,574.56013,574.167564,573.79858,573.458628,573.152778,572.885627,572.661226,572.483002,572.353694,572.275299,572.249031
577.273494,577.273854,577.274913,577.27661,577.278844,577.281474,577.284316,577.287145,577.289697,577.291664,577.292697,577.292402,577.290345,577.286048,577.278989,577.268601,577.254275,577.235358,577.21115,577.18091,577.143853,577.09915,577.045932,576.983289,576.91027,576.82589,576.72913,576.618939,576.494238,576.353929,576.196893,576.022001,575.82812,575.614119,575.378879,575.121303,574.840323,574.534915,574.204108,573.846999,573.462762,573.050668,572.610091,572.140526,571.641603,571.113095,571.728479,572.355402,572.98846,573.622137,574.250862,574.869063,575.471229,576.051974,576.606101,577.128665,577.615038,578.060972,578.462651,578.816749,579.120474,579.371606,579.568533,579.71027,579.796476,579.827461,579.804181,579.728229,579.601816,579.427744,579.20938,578.950608,578.655796,578.329741,577.97762,577.604932,577.217435,576.821079,576.42194,576.02614,575.639767,575.268797,574.919002,574.595863,574.304482,574.049496,573.834989,573.664422,573.540563,573.465428,573.440245
578.430633,578.430467,578.429949,578.429017,578.427565,578.425449,578.422478,578.418423,578.41301,578.405923,578.396803,578.385246,578.370806,578.352993,578.33127,578.30506,578.273738,578.236635,578.193041,578.142197,578.083306,578.015525,577.937972,577.849727,577.749828,577.637283,577.511065,577.37012,577.21337,577.039718,576.848053,576.637257,576.406212,576.15381,575.87896,575.580598,575.257698,574.909285,574.534445,574.132341,573.702223,573.243443,572.75547,572.237902,571.690479,571.113098,571.712848,572.328323,572.954238,573.585159,574.215554,574.839852,575.452499,576.048024,576.621098,577.166607,577.679711,578.15591,578.591105,578.981653,579.32442,579.616823,579.856872,580.043194,580.175059,580.252387,580.275755,580.246391,580.166159,580.037537,579.863593,579.647944,579.394718,579.108506,578.794307,578.457475,578.103651,577.738699,577.368629,576.999522,576.637445,576.288366,575.958064,575.652037,575.37541,575.132846,574.928456,574.765727,574.647449,574.575655,574.551585
579.520595,579.519931,579.517919,579.514494,579.509549,579.502933,579.494454,579.483874,579.470913,579.455247,579.436507,579.41428,579.38811,579.357494,579.321885,579.280692,579.233278,579.178963,579.11702,579.046681,578.967134,578.877527,578.776965,578.664517,578.539216,578.40006,578.24602,578.076039,577.889039,577.683928,577.459603,577.214957,576.948891,576.660317,576.348172,576.011427,575.649097,575.260255,574.844043,574.399687,573.926508,573.423941,572.891544,572.329013,571.736195,571.113102,571.693386,572.293418,572.908058,573.531979,574.15972,574.785738,575.404467,576.010378,576.598045,577.162212,577.697855,578.200252,578.665043,579.088295,579.46655,579.796883,580.076937,580.304967,580.479856,580.601144,580.669028,580.684367,580.648674,580.564095,580.433388,580.259888,580.047469,579.800497,579.523781,579.222508,578.902186,578.56857,578.227589,577.885265,577.547626,577.220618,576.910012,576.621308,576.359642,576.129692,575.93559,575.78084,575.668247,575.59986,575.576924
580.538333,580.537202,580.533785,580.528016,580.519787,580.508943,580.495286,580.478574,580.458519,580.434791,580.407012,580.374761,580.337571,580.29493,580.24628,580.191019,580.128498,580.058025,579.978864,579.890233,579.791311,579.681234,579.559099,579.423966,579.274862,579.110779,578.930686,578.733523,578.518217,578.283679,578.028815,577.752533,577.453749,577.131399,576.784447,576.411898,576.012807,575.586294,575.131554,574.647876,574.13465,573.591387,573.017731,572.413471,571.778555,571.113105,571.670191,572.250867,572.850159,573.462876,574.083654,574.707008,575.327387,575.939238,576.537067,577.115504,577.669373,578.193756,578.684062,579.13609,579.546083,579.91079,580.22751,580.494133,580.709171,580.871785,580.981799,581.039703,581.046655,581.004462,580.915563,580.783,580.610379,580.401829,580.161946,579.895738,579.60856,579.306041,578.994011,578.678415,578.365224,578.060347,577.769533,577.49827,577.251693,577.034486,576.850788,576.704115,576.597283,576.532348,576.510563
581.479165,581.477597,581.472872,581.464922,581.453635,581.438853,581.420375,581.397954,581.371296,581.340063,581.303871,581.262291,581.214848,581.161019,581.100238,581.031892,580.955323,580.869829,580.774662,580.669032,580.552109,580.423019,580.280852,580.124661,579.953467,579.76626,579.562005,579.339645,579.098109,578.836314,578.553176,578.247617,577.91857,577.564995,577.185882,576.78027,576.347252,575.885994,575.395743,574.875845,574.325759,573.745068,573.133495,572.490918,571.817383,571.113109,571.643385,572.20089,572.780843,573.378212,573.987756,574.604077,575.221669,575.834984,576.43849,577.026734,577.594418,578.136458,578.648058,579.124775,579.56258,579.957916,580.307755,580.609639,580.861721,581.062795,581.212314,581.310404,581.357863,581.356157,581.307399,581.214329,581.080273,580.909107,580.705201,580.473367,580.218789,579.946955,579.663576,579.374504,579.085638,578.802832,578.531798,578.278,578.046559,577.842152,577.668919,577.530379,577.429351,577.367897,577.347272
582.338804,582.336835,582.330905,582.320944,582.30684,582.288432,582.265515,582.237836,582.205097,582.166954,582.123018,582.072851,582.01597,581.951845,581.879903,581.79952,581.710031,581.610723,581.500843,581.37959,581.246127,581.099572,580.93901,580.763489,580.572024,580.363605,580.137195,579.89174,579.626173,579.339418,579.030402,578.698059,578.341343,577.959235,577.550752,577.114965,576.651005,576.158081,575.63549,575.082635,574.499034,573.884341,573.238355,572.561035,571.852516,571.113113,571.613106,572.143747,572.700471,573.278429,573.87253,574.477488,575.087874,575.698172,576.302842,576.896381,577.473396,578.028669,578.557227,579.054414,579.51595,579.937999,580.317225,580.650842,580.936656,581.173105,581.35928,581.494944,581.580542,581.617193,581.606682,581.551434,581.454489,581.319455,581.150466,580.95212,580.729415,580.487679,580.232492,579.969592,579.704791,579.443873,579.192498,578.956092,578.73975,578.548131,578.385367,578.254971,578.15976,578.101795,578.082333
583.113392,583.111058,583.104032,583.092244,583.075578,583.053873,583.026918,582.994459,582.956192,582.911769,582.860793,582.802822,582.737367,582.66389,582.581809,582.490496,582.389277,582.277433,582.154201,582.018776,581.870313,581.707925,581.530693,581.337659,581.127839,580.900219,580.653764,580.387423,580.100134,579.79083,579.458449,579.101939,578.720272,578.312449,577.877518,577.414577,576.922795,576.401422,575.849802,575.267389,574.653761,574.008636,573.331882,572.623537,571.883813,571.113116,571.57951,572.079735,572.609462,573.164049,573.73858,574.32791,574.926711,575.529531,576.13085,576.725146,577.306962,577.870975,578.412066,578.925391,579.40645,579.851149,580.255869,580.617511,580.933555,581.202094,581.421867,581.592284,581.713434,581.786093,581.811712,581.792401,581.730899,581.630541,581.495208,581.329271,581.13753,580.925137,580.697519,580.460292,580.21916,579.979825,579.747878,579.528693,579.327328,579.148415,578.996065,578.873778,578.784364,578.729879,578.711577
583.799527,583.796866,583.788858,583.775433,583.756474,583.731816,583.701247,583.664508,583.621294,583.571249,583.513974,583.449021,583.375894,583.294052,583.202907,583.101822,582.990119,582.867073,582.731916,582.583836,582.421984,582.24547,582.053369,581.844723,581.618546,581.373824,581.109526,580.824604,580.518001,580.188661,579.835531,579.457577,579.053785,578.623181,578.164836,577.67788,577.161515,576.61503,576.037812,575.429365,574.789322,574.117458,573.413707,572.678176,571.911152,571.113119,571.54277,572.009184,572.508288,573.035669,573.586611,574.156132,574.739035,575.329958,575.923434,576.51395,577.096016,577.664233,578.213367,578.738416,579.234683,579.697848,580.124026,580.509833,580.852436,581.1496,581.399724,581.601872,581.755786,581.861899,581.921326,581.935858,581.907929,581.84059,581.737458,581.602668,581.440803,581.256827,581.056003,580.843801,580.625808,580.407626,580.194765,579.992535,579.805942,579.639579,579.497529,579.383271,579.299601,579.248567,579.231415
584.394287,584.391339,584.382469,584.367606,584.346632,584.31938,584.285637,584.245139,584.197579,584.142599,584.079795,584.008713,583.928856,583.839676,583.740579,583.630928,583.510037,583.377176,583.231573,583.072415,582.898846,582.709975,582.504875,582.282588,582.042126,581.78248,581.502619,581.201501,580.878077,580.5313,580.160129,579.763544,579.34055,578.890193,578.411569,577.903835,577.366226,576.798068,576.198788,575.567936,574.905193,574.210389,573.483516,572.724744,571.934428,571.113122,571.503076,571.932461,572.397477,572.893962,573.417419,573.963059,574.525839,575.100516,575.681703,576.263927,576.841695,577.409565,577.962212,578.49451,579.001595,579.478942,579.92243,580.328408,580.693753,581.015918,581.292977,581.523656,581.707359,581.84418,581.934901,581.980988,581.984569,581.948401,581.875833,581.770746,581.637498,581.480851,581.305886,581.11792,580.922404,580.724825,580.530598,580.344958,580.172846,580.018807,579.886885,579.780531,579.702521,579.654887,579.63887
584.895254,584.892059,584.882449,584.866354,584.843653,584.814179,584.777714,584.733997,584.682714,584.623507,584.555967,584.47964,584.394022,584.298563,584.192667,584.075692,583.946947,583.805703,583.651182,583.482569,583.299007,583.099604,582.883431,582.649532,582.39692,582.124588,581.83151,581.516652,581.178971,580.817428,580.430998,580.018673,579.579477,579.112474,578.616785,578.091594,577.536165,576.949858,576.332137,575.682592,575.000951,574.287091,573.541058,572.763075,571.953559,571.113124,571.460634,571.849963,572.277606,572.739666,573.231892,573.749707,574.28825,574.842424,575.406948,575.97642,576.545372,577.108349,577.65997,578.195009,578.708466,579.195639,579.652197,580.074246,580.458393,580.801798,581.102224,581.358077,581.568427,581.733036,581.852358,581.927534,581.960381,581.953359,581.909538,581.83254,581.726486,581.595921,581.445735,581.281074,581.107241,580.929597,580.753447,580.583936,580.425933,580.28392,580.161896,580.063275,579.990806,579.946504,579.931599
585.300528,585.297128,585.286906,585.269789,585.245657,585.214339,585.175621,585.129235,585.074869,585.012161,584.940701,584.860031,584.769647,584.668997,584.557481,584.434454,584.299226,584.151063,583.989188,583.812784,583.620994,583.412925,583.187651,582.944216,582.681636,582.398909,582.095015,581.768925,581.419605,581.046027,580.647178,580.222064,579.769726,579.289249,578.779773,578.240509,577.670748,577.06988,576.437404,575.772946,575.076273,574.347308,573.586139,572.793042,571.96848,571.113125,571.415663,571.76212,572.149297,572.573588,573.031002,573.517199,574.027523,574.55705,575.100633,575.652966,576.208641,576.762214,577.308282,577.841548,578.356905,578.849501,579.314823,579.748759,580.147668,580.508439,580.82854,581.106068,581.339776,581.5291,581.674167,581.7758,581.835503,581.855435,581.838381,581.787697,581.707256,581.601377,581.474745,581.332324,581.179256,581.020762,580.862027,580.708093,580.563742,580.43339,580.320976,580.229873,580.162796,580.121738,580.107916
585.608746,585.605186,585.594479,585.576555,585.551292,585.518519,585.478021,585.429529,585.37273,585.307261,585.23271,585.14862,585.054484,584.949747,584.833811,584.70603,584.565711,584.412122,584.244485,584.061983,583.86376,583.648925,583.416554,583.165693,582.895365,582.604571,582.292298,581.957523,581.599224,581.216383,580.807997,580.373088,579.910714,579.419977,578.900038,578.350131,577.769572,577.157778,576.514279,575.838733,575.130942,574.390865,573.618633,572.814558,571.979151,571.113125,571.368396,571.669387,572.01322,572.396594,572.815801,573.266757,573.745035,574.245906,574.764388,575.295296,575.833309,576.373029,576.909054,577.436052,577.948834,578.442432,578.912173,579.353754,579.763311,580.137482,580.473461,580.769051,581.022699,581.233526,581.401342,581.526652,581.610648,581.655189,581.66277,581.636473,581.579917,581.497185,581.392748,581.271374,581.138035,580.997796,580.855712,580.716711,580.58548,580.466353,580.363207,580.279363,580.217497,580.179576,580.166801
585.819091,585.815412,585.804352,585.785838,585.759748,585.725913,585.684115,585.634086,585.575513,585.508032,585.431231,585.344652,585.247787,585.140085,585.020944,584.889719,584.745719,584.588212,584.416422,584.229533,584.026691,583.80701,583.569567,583.313415,583.03758,582.74107,582.42288,582.081994,581.7174,581.328091,580.913078,580.471395,580.002116,579.504361,578.97731,578.420216,577.832419,577.213361,576.562597,575.879813,575.164843,574.417674,573.638471,572.827582,571.98555,571.113125,571.319079,571.572245,571.870082,572.209607,572.587414,572.999696,573.442273,573.910639,574.399998,574.905317,575.421388,575.942887,576.464447,576.980725,577.486483,577.976662,578.446463,578.891416,579.307458,579.690997,580.038975,580.348918,580.618983,580.847986,581.03543,581.181506,581.287099,581.353766,581.38371,581.379736,581.345202,581.283947,581.200217,581.098577,580.983813,580.86083,580.734538,580.609741,580.491019,580.38262,580.288345,580.211458,580.154593,580.119685,580.107916
585.931294,585.927541,585.916258,585.897372,585.870762,585.836259,585.793644,585.742652,585.682966,585.614225,585.536019,585.447888,585.349326,585.239782,585.118657,584.985307,584.839043,584.679134,584.504807,584.315251,584.109615,583.887015,583.646536,583.387234,583.108143,582.808278,582.48664,582.142226,581.774032,581.381062,580.962339,580.516912,580.043869,579.542346,579.01154,578.450724,577.859257,577.236602,576.582337,575.896173,575.177964,574.427727,573.645651,572.832111,571.987676,571.113124,571.267967,571.471199,571.720628,572.013604,572.347037,572.717415,573.120831,573.553019,574.009395,574.485104,574.975079,575.474099,575.976857,576.478032,576.972366,577.45474,577.920252,578.364295,578.782632,579.171467,579.527508,579.848026,580.1309,580.374658,580.578502,580.742321,580.866696,580.952884,581.002795,581.018956,581.004457,580.962886,580.898258,580.814925,580.71748,580.610654,580.499205,580.3878,580.280907,580.182673,580.096822,580.026552,579.974448,579.942409,579.931599
585.94564,585.941857,585.930482,585.911443,585.884619,585.849842,585.806893,585.755508,585.695372,585.626125,585.547356,585.458609,585.35938,585.249119,585.127229,584.99307,584.845956,584.68516,584.509912,584.319405,584.112795,583.889202,583.647717,583.387404,583.107304,582.806439,582.483821,582.138456,581.769349,581.375517,580.955995,580.509845,580.03617,579.534119,579.002906,578.44182,577.850239,577.227642,576.573626,575.887921,575.170401,574.421103,573.640233,572.828185,571.98555,571.113122,571.215326,571.366775,571.565636,571.809605,572.095925,572.421394,572.782396,573.17493,573.594644,574.036889,574.496762,574.969173,575.448906,575.930689,576.409274,576.879509,577.33642,577.77529,578.191733,578.581774,578.941909,579.269173,579.561187,579.816203,580.033138,580.211585,580.351826,580.454824,580.522199,580.556194,580.55963,580.535842,580.488605,580.42205,580.340568,580.248709,580.151067,580.052168,579.956354,579.867667,579.789744,579.725712,579.678101,579.648774,579.63887
585.862965,585.859194,585.847857,585.828882,585.802149,585.767489,585.724686,585.673476,585.613546,585.544539,585.466045,585.377612,585.278737,585.168874,585.047431,584.91377,584.767211,584.60703,584.432464,584.242711,584.036932,583.814257,583.573782,583.31458,583.035699,582.736173,582.415021,582.071259,581.703905,581.311988,580.894553,580.450677,579.979473,579.480107,578.951806,578.393874,577.805701,577.186784,576.536733,575.855293,575.142352,574.39796,573.622337,572.815889,571.979215,571.113119,571.16143,571.259516,571.405913,571.598675,571.835389,572.113181,572.428745,572.778361,573.157936,573.563045,573.988979,574.430805,574.883423,575.341642,575.80025,576.254092,576.698151,577.127625,577.53801,577.925172,578.285423,578.615579,578.913025,579.175752,579.402403,579.592288,579.7454,579.86241,579.944651,579.994085,580.013261,580.005256,579.973602,579.922202,579.855239,579.777073,579.692126,579.604775,579.519228,579.439416,579.36888,579.31067,579.26726,579.24047,579.231415
585.684646,585.68093,585.669759,585.651062,585.624718,585.590561,585.548377,585.497902,585.438828,585.370797,585.293405,585.206202,585.10869,585.000327,584.880524,584.74865,584.60403,584.445947,584.273644,584.086325,583.883161,583.663287,583.42581,583.169811,582.894348,582.598463,582.281189,581.941552,581.57858,581.191314,580.778812,580.340163,579.874492,579.380977,578.858859,578.307453,577.726163,577.114495,576.472071,575.798646,575.094118,574.358543,573.592148,572.795343,571.968732,571.113116,571.106559,571.149981,571.242291,571.381912,571.566788,571.794388,572.061729,572.365394,572.701568,573.066074,573.454422,573.861857,574.283427,574.714048,575.148572,575.58187,576.008909,576.424832,576.825041,577.205272,577.561673,577.890867,578.190019,578.456879,578.689829,578.88791,579.050834,579.178988,579.273421,579.335818,579.368455,579.37415,579.356186,579.318237,579.264269,579.198446,579.125012,579.048186,578.972037,578.900377,578.836646,578.783813,578.744288,578.719846,578.711577
585.41259,585.408972,585.398093,585.379883,585.354223,585.320948,585.279845,585.230655,585.173071,585.106738,585.031258,584.946183,584.851022,584.745237,584.628246,584.499423,584.358099,584.203567,584.035075,583.851838,583.653034,583.437809,583.205277,582.954531,582.68464,582.394657,582.083625,581.750582,581.394568,581.014636,580.609855,580.179327,579.722188,579.237629,578.7249,578.183326,577.612321,577.0114,576.380193,575.718458,575.026099,574.303174,573.549909,572.766713,571.954182,571.113113,571.051,571.03874,571.075622,571.160447,571.291523,571.466678,571.683267,571.938193,572.227938,572.548595,572.895913,573.265346,573.652112,574.051259,574.457734,574.866461,575.272419,575.670724,576.056711,576.426012,576.774634,577.099032,577.396169,577.663574,577.899386,578.102387,578.27202,578.408397,578.512291,578.58511,578.628861,578.646101,578.639865,578.613589,578.571023,578.516127,578.452963,578.385582,578.317911,578.253635,578.196089,578.148156,578.112178,578.089884,578.082333
585.049224,585.045743,585.035279,585.01776,584.99307,584.961045,584.921475,584.874104,584.818628,584.754697,584.681917,584.599845,584.507997,584.40584,584.292799,584.168257,584.031552,583.881984,583.718813,583.541262,583.348518,583.139739,582.91405,582.670554,582.408333,582.126451,581.823962,581.499918,581.153371,580.783385,580.389042,579.969454,579.52377,579.051189,578.550971,578.02245,577.465047,576.878282,576.261787,575.615325,574.938796,574.232256,573.495925,572.730202,571.93567,571.113109,570.995043,570.926374,570.906776,570.935432,571.01103,571.131761,571.295335,571.498992,571.739528,572.013326,572.316396,572.644424,572.992823,573.356799,573.731423,574.111698,574.492643,574.869374,575.237185,575.591632,575.928606,576.244415,576.535844,576.800219,577.035453,577.240085,577.4133,577.554946,577.665526,577.746178,577.798643,577.825217,577.828685,577.812248,577.779431,577.733989,577.679794,577.62073,577.560572,577.502873,577.450859,577.407322,577.374534,577.354174,577.347272
584.597467,584.594164,584.584232,584.567602,584.544158,584.513739,584.476139,584.431103,584.378332,584.317483,584.248165,584.169943,584.082337,583.984823,583.876835,583.757762,583.626954,583.483719,583.327327,583.157012,582.971974,582.771379,582.554368,582.320054,582.067531,581.795877,581.50416,581.191442,580.856789,580.499278,580.118001,579.712082,579.28068,578.823003,578.33832,577.825971,577.28538,576.716071,576.117677,575.489956,574.832804,574.146268,573.430556,572.68605,571.913315,571.113105,570.938982,570.81347,570.736633,570.708042,570.726769,570.791382,570.899957,571.050083,571.23889,571.463069,571.718912,572.002357,572.309038,572.634347,572.973498,573.321604,573.673752,574.025084,574.370881,574.706646,575.028183,575.331674,575.61375,575.871552,576.102788,576.305766,576.479431,576.623377,576.737843,576.823707,576.882446,576.9161,576.927204,576.918722,576.893954,576.856445,576.809876,576.757956,576.704305,576.652343,576.605179,576.565511,576.53554,576.516891,576.510563
584.060715,584.057627,584.048341,584.032789,584.010857,583.982386,583.947173,583.904968,583.855478,583.798362,583.733237,583.659676,583.577205,583.48531,583.383432,583.270971,583.147286,583.011696,582.863484,582.701895,582.526141,582.335401,582.128829,581.905552,581.664677,581.405296,581.12649,580.827334,580.506909,580.164301,579.798617,579.40899,578.994589,578.554631,578.08839,577.595212,577.074522,576.525845,575.94881,575.34317,574.708809,574.045762,573.354218,572.634538,571.887258,571.113102,570.88311,570.700619,570.566082,570.479462,570.44022,570.447313,570.49919,570.593806,570.728636,570.900698,571.106587,571.342513,571.604354,571.887709,572.187966,572.500371,572.820105,573.142363,573.462441,573.775815,574.078224,574.365752,574.634897,574.882638,575.106492,575.304559,575.475554,575.61883,575.734377,575.822814,575.885365,575.923816,575.940455,575.938007,575.91955,575.888416,575.848092,575.802109,575.753928,575.706832,575.663812,575.627469,575.599926,575.582756,575.576924
583.442811,583.439974,583.431442,583.417148,583.39698,583.370783,583.338356,583.299454,583.25379,583.201029,583.140794,583.072666,582.996181,582.910832,582.816072,582.71131,582.595917,582.469225,582.330527,582.179083,582.014118,581.834825,581.640372,581.4299,581.202532,580.957373,580.693518,580.410058,580.106085,579.7807,579.43302,579.062188,578.667384,578.247832,577.80281,577.331667,576.833831,576.30882,575.756259,575.175891,574.567587,573.931362,573.267382,572.575979,571.857657,571.113098,570.827722,570.588413,570.396014,570.250883,570.152877,570.101344,570.095119,570.132533,570.21142,570.329143,570.482613,570.668338,570.882457,571.120803,571.37896,571.652331,571.936218,572.225898,572.516703,572.804111,573.083824,573.351847,573.60457,573.838831,574.051978,574.241918,574.407155,574.546812,574.660639,574.749012,574.812905,574.853853,574.873905,574.87555,574.861639,574.835293,574.799804,574.758523,574.714751,574.671628,574.632025,574.598444,574.572931,574.557,574.551585
582.748015,582.745463,582.737788,582.724922,582.706757,582.68314,582.653875,582.618723,582.5774,582.52958,582.474894,582.41293,582.343233,582.265308,582.178617,582.082581,581.976585,581.859972,581.732051,581.592093,581.439339,581.272999,581.092253,580.89626,580.684156,580.455063,580.208091,579.942345,579.656931,579.350962,579.023569,578.673905,578.301157,577.904555,577.483384,577.036993,576.564808,576.066342,575.541212,574.989145,574.409997,573.803758,573.170567,572.510722,571.824685,571.113095,570.77311,570.477441,570.227321,570.023501,569.866237,569.755274,569.689843,569.668658,569.689928,569.75137,569.850235,569.983341,570.147112,570.337635,570.550713,570.781934,571.026743,571.280523,571.538673,571.796695,572.050277,572.295375,572.528291,572.745743,572.944933,573.123592,573.280028,573.413151,573.522485,573.60817,573.670938,573.712086,573.733422,573.737203,573.726058,573.702896,573.670814,573.63298,573.592535,573.552475,573.515548,573.484154,573.46026,573.445325,573.440245
581.980976,581.978742,581.972018,581.960739,581.9448,581.924052,581.898301,581.867315,581.830817,581.788487,581.739965,581.684848,581.622692,581.553011,581.47528,581.388933,581.293368,581.187942,581.071978,580.944763,580.805554,580.653575,580.488026,580.308078,580.112888,579.90159,579.673312,579.427174,579.162296,578.877805,578.572842,578.246572,577.898189,577.526931,577.132084,576.712998,576.269095,575.799882,575.304963,574.78405,574.236976,573.663705,573.064342,572.439146,571.788535,571.113092,570.719563,570.368288,570.060885,569.798502,569.581792,569.410903,569.285465,569.204587,569.166861,569.170374,569.212729,569.291073,569.402135,569.542276,569.70754,569.893721,570.096436,570.311196,570.533492,570.758877,570.983049,571.201938,571.411783,571.609206,571.791279,571.955579,572.100237,572.223963,572.32607,572.406471,572.465671,572.50473,572.525225,572.529186,572.519021,572.497431,572.467315,572.431663,572.393451,572.355531,572.320527,572.290738,572.268048,572.253858,572.249031
581.146697,581.144809,581.139125,581.129581,581.116075,581.098461,581.076551,581.050117,581.018891,580.98256,580.940772,580.893135,580.839215,580.77854,580.710595,580.634829,580.550654,580.457441,580.35453,580.241224,580.116796,579.980489,579.831516,579.669071,579.492323,579.300428,579.092526,578.867756,578.625251,578.364152,578.083613,577.782808,577.46094,577.117252,576.751032,576.361629,575.948461,575.511025,575.048911,574.561812,574.049536,573.512016,572.94932,572.361663,571.749411,571.113091,570.667365,570.26153,569.897584,569.577064,569.301026,569.070021,568.884083,568.742722,568.644923,568.589156,568.573387,568.595111,568.651378,568.738841,568.853808,568.992304,569.150135,569.322969,569.506411,569.696091,569.887742,570.077292,570.26094,570.435233,570.597138,570.744096,570.874076,570.985608,571.077807,571.150374,571.203592,571.2383,571.255847,571.258042,571.247077,571.225447,571.195855,571.161114,571.124035,571.087326,571.053488,571.024714,571.002808,570.989112,570.984454
580.250496,580.248981,580.244418,580.236744,580.22586,580.211624,580.193853,580.172326,580.146781,580.116914,580.082383,580.042806,579.997762,579.946788,579.889386,579.825019,579.753112,579.673054,579.584201,579.485873,579.377361,579.257925,579.126798,578.983191,578.826292,578.655273,578.469294,578.267508,578.049066,577.81312,577.558839,577.285406,576.992032,576.677964,576.342493,575.984966,575.604793,575.201462,574.774547,574.323718,573.848756,573.349559,572.826156,572.278711,571.707534,571.113089,570.616795,570.157734,569.738276,569.360349,569.025406,568.734401,568.487778,568.285451,568.126809,568.010711,567.935503,567.899038,567.898704,567.931468,567.993919,568.082332,568.19273,568.320957,568.462758,568.613862,568.770063,568.927311,569.081787,569.229988,569.368794,569.495532,569.608029,569.704651,569.784329,569.846566,569.891437,569.919567,569.932088,569.930592,569.917061,569.893788,569.863285,569.828185,569.79114,569.754714,569.72128,569.692931,569.671387,569.657933,569.653359
579.297974,579.296858,579.293488,579.287806,579.279715,579.269077,579.255715,579.239414,579.21992,579.196938,579.170137,579.139144,579.103551,579.06291,579.016736,578.964506,578.905663,578.839612,578.765726,578.683344,578.591775,578.490298,578.378165,578.254607,578.11883,577.970026,577.807372,577.630039,577.437191,577.227999,577.001641,576.757312,576.494231,576.211648,575.908857,575.585202,575.240084,574.872981,574.483446,574.071128,573.635777,573.177254,572.695541,572.190752,571.663137,571.113089,570.568124,570.05745,569.583804,569.149496,568.756371,568.405791,568.098604,567.835139,567.61519,567.438016,567.302352,567.206425,567.147975,567.124297,567.132283,567.168478,567.22914,567.310315,567.40791,567.517776,567.635793,567.757954,567.880448,567.999743,568.112655,568.216416,568.308732,568.38782,568.452444,568.501925,568.536142,568.555515,568.560969,568.553888,568.53605,568.509551,568.476714,568.439998,568.401895,568.364825,568.331038,568.302524,568.280922,568.267456,568.262882
578.294976,578.294278,578.292168,578.288587,578.28344,578.276596,578.267883,578.257092,578.243978,578.228256,578.209604,578.187662,578.162034,578.132287,578.097949,578.058515,578.013444,577.962158,577.904049,577.838476,577.764765,577.682217,577.590105,577.487676,577.374159,577.248764,577.110688,576.959118,576.793237,576.612229,576.415285,576.201611,575.970434,575.72101,575.45263,575.164637,574.856424,574.527454,574.177262,573.805471,573.411798,572.996063,572.558204,572.098275,571.616464,571.113089,570.521614,569.961215,569.434988,568.945615,568.495332,568.085901,567.718582,567.394112,567.1127,566.874011,566.67718,566.520815,566.403025,566.321449,566.273299,566.255406,566.264287,566.296209,566.347264,566.413449,566.490752,566.575232,566.663111,566.750847,566.835216,566.913377,566.98293,567.041966,567.089097,567.123476,567.144799,567.153295,567.149691,567.135173,567.11132,567.080037,567.043465,567.003891,566.963649,566.925019,566.890129,566.860865,566.838785,566.825057,566.820399
577.247549,577.24729,577.246495,577.245109,577.24304,577.24016,577.236304,577.231272,577.224825,577.216689,577.206553,577.194069,577.178854,577.16049,577.138521,577.112458,577.081776,577.045919,577.004296,576.956285,576.901235,576.838464,576.767268,576.686915,576.596654,576.495716,576.383316,576.25866,576.120949,575.969381,575.803162,575.621508,575.423653,575.208858,574.976415,574.725662,574.455985,574.166831,573.857715,573.528232,573.178065,572.806993,572.414901,572.001787,571.567769,571.113091,570.477516,569.869547,569.29262,568.749784,568.24366,567.776404,567.349683,566.964649,566.621925,566.321589,566.063182,565.845706,565.667649,565.527008,565.42133,565.347754,565.303071,565.283792,565.286213,565.306501,565.340772,565.385179,565.435994,565.489691,565.543026,565.593104,565.637444,565.674025,565.701326,565.718347,565.724617,565.720184,565.70559,565.681831,565.650297,565.612708,565.571028,565.527376,565.483932,565.442839,565.406105,565.375514,565.352545,565.338306,565.333482
576.161909,576.162105,576.162673,576.163562,576.164683,576.165913,576.167093,576.16803,576.168494,576.168222,576.166913,576.164233,576.159813,576.153249,576.144101,576.131899,576.116135,576.096272,576.071738,576.041933,576.006226,575.963958,575.914445,575.856977,575.790824,575.715238,575.629455,575.5327,575.424189,575.30314,575.16877,575.020307,574.856993,574.678092,574.4829,574.270748,574.041013,573.793126,573.526583,573.240948,572.935869,572.611081,572.266417,571.901813,571.517318,571.113092,570.436073,569.78294,569.157462,568.563044,568.00268,567.478917,566.993825,566.548971,566.14539,565.783581,565.463493,565.184533,564.945579,564.744999,564.580687,564.450108,564.350347,564.278174,564.230114,564.202523,564.191668,564.193815,564.205312,564.22267,564.242646,564.262314,564.279129,564.290978,564.296224,564.293732,564.282878,564.263542,564.236093,564.201347,564.160516,564.115139,564.067011,564.01809,563.970406,563.925966,563.886661,563.854176,563.829911,563.814918,563.809847
575.0444,575.045063,575.047035,575.050265,575.054668,575.060127,575.066489,575.073568,575.081144,575.088964,575.096738,575.104148,575.110836,575.116415,575.120462,575.122523,575.122112,575.118708,575.111763,575.100695,575.084896,575.06373,575.036533,575.002619,574.96128,574.911789,574.853402,574.785365,574.706913,574.617278,574.515692,574.401395,574.273637,574.131688,573.974843,573.802428,573.613811,573.408408,573.185691,572.945198,572.686536,572.409398,572.11356,571.798896,571.465381,571.113095,570.397512,569.701866,569.030244,568.386392,567.773667,567.195002,566.652865,566.149229,565.685549,565.262741,564.881171,564.540656,564.240471,563.979368,563.755605,563.566983,563.410899,563.284404,563.184266,563.107053,563.049205,563.007122,562.977249,562.956156,562.940624,562.927714,562.914838,562.899812,562.880902,562.856851,562.826897,562.79077,562.748677,562.701264,562.649573,562.594976,562.539102,562.483755,562.430818,562.38217,562.339585,562.304652,562.278695,562.262709,562.257311
573.901454,573.902595,573.906001,573.911624,573.919382,573.929163,573.940821,573.954177,573.969022,573.985112,574.002172,574.019893,574.037935,574.055926,574.073461,574.090103,574.105385,574.118807,574.129842,574.137929,574.142483,574.14289,574.138509,574.128678,574.11271,574.089901,574.059529,574.020858,573.973144,573.915635,573.847577,573.768223,573.676832,573.572677,573.455054,573.323286,573.176731,573.014788,572.836907,572.642595,572.431423,572.203035,571.957154,571.693588,571.412238,571.113098,570.362048,569.626772,568.911657,568.220776,567.557841,566.926156,566.328583,565.767498,565.244772,564.761738,564.319183,563.917338,563.555886,563.233971,562.950225,562.702802,562.489425,562.307441,562.153884,562.025551,561.919075,561.831012,561.757924,561.696464,561.643455,561.595968,561.551392,561.50749,561.462448,561.414908,561.363984,561.309271,561.250825,561.189138,561.125089,561.059893,560.995022,560.932129,560.872961,560.819268,560.772715,560.734796,560.706761,560.68955,560.683747
572.739558,572.741184,572.746047,572.754099,572.765264,572.779435,572.796471,572.816203,572.83843,572.86292,572.889409,572.917604,572.947178,572.977776,573.00901,573.040463,573.071686,573.102201,573.1315,573.159047,573.184279,573.206603,573.225405,573.240043,573.249856,573.25416,573.252257,573.243431,573.226956,573.202099,573.168121,573.124287,573.069864,573.004131,572.926385,572.835945,572.732158,572.614409,572.482123,572.334778,572.171906,571.993104,571.798039,571.586454,571.358171,571.113102,570.329881,569.558074,568.802349,568.067093,567.356356,566.673804,566.022681,565.405765,564.825334,564.28314,563.780392,563.31774,562.895278,562.512551,562.168577,561.861875,561.590509,561.352137,561.144076,560.963371,560.806868,560.6713,560.553366,560.449821,560.357554,560.273665,560.19554,560.120909,560.047897,559.97506,559.901409,559.826413,559.749996,559.672503,559.594668,559.517552,559.442482,559.370968,559.304625,559.245082,559.193896,559.152471,559.121984,559.103324,559.097041
571.565215,571.567331,571.573663,571.584169,571.598773,571.617374,571.639839,571.666007,571.695686,571.728656,571.764665,571.803433,571.84465,571.887976,571.933042,571.979449,572.026768,572.074542,572.122285,572.169484,572.215598,572.260059,572.302275,572.341629,572.377483,572.409177,572.436033,572.45736,572.472449,572.480585,572.481046,572.473107,572.456047,572.429149,572.391712,572.343051,572.282502,572.209435,572.123254,572.023404,571.909379,571.78073,571.637066,571.478063,571.303469,571.113105,570.301196,569.496159,568.702929,567.926185,567.170299,566.439291,565.736775,565.065919,564.429407,563.829407,563.267547,562.7449,562.261974,561.818725,561.414563,561.048384,560.718605,560.423212,560.159821,559.925742,559.718052,559.53368,559.369485,559.222342,559.089226,558.967289,558.853933,558.746874,558.644194,558.544382,558.44636,558.349491,558.253576,558.158832,558.065854,557.975564,557.889149,557.807987,557.733566,557.667398,557.61094,557.565509,557.532211,557.511884,557.50505
570.38491,570.387517,570.395325,570.408292,570.426348,570.449395,570.477309,570.509937,570.547095,570.588575,570.634139,570.68352,570.736424,570.792527,570.851478,570.912897,570.976375,571.041477,571.107739,571.17467,571.241752,571.308442,571.374171,571.438348,571.500357,571.559562,571.61531,571.666926,571.713727,571.755013,571.790079,571.818212,571.838702,571.850838,571.853919,571.847257,571.83018,571.802042,571.762222,571.710137,571.645244,571.567044,571.47509,571.368992,571.24842,571.113109,570.276159,569.441384,568.613956,567.79883,567.000687,566.22388,565.472383,564.749746,564.059052,563.402877,562.783269,562.201722,561.659165,561.155966,560.691938,560.266361,559.878018,559.525237,559.205947,558.91774,558.657943,558.423699,558.212045,558.019998,557.84464,557.683191,557.533091,557.392062,557.258162,557.12983,557.005916,556.885693,556.768855,556.655501,556.546101,556.44145,556.342605,556.250818,556.167457,556.093928,556.031587,555.98167,555.945217,555.923017,555.915562
569.205076,569.208173,569.217454,569.232877,569.254377,569.281863,569.315215,569.354288,569.398912,569.448886,569.503987,569.563961,569.62853,569.697387,569.770198,569.846603,569.926213,570.008615,570.093366,570.179999,570.268019,570.356907,570.446119,570.535088,570.623221,570.709907,570.794515,570.876394,570.954879,571.02929,571.098936,571.163122,571.221143,571.272298,571.315886,571.351216,571.377608,571.3944,571.40095,571.396645,571.380902,571.353177,571.312967,571.259815,571.193315,571.113113,570.254923,569.394067,568.535938,567.685745,566.848455,566.028741,565.230923,564.45892,563.716204,563.005757,562.33004,561.690967,561.08989,560.527593,560.004296,559.519674,559.072887,558.662615,558.287114,557.944274,557.63169,557.346735,557.086644,556.848597,556.629797,556.427559,556.239377,556.062997,555.896474,555.738214,555.587013,555.442069,555.302984,555.169754,555.042738,554.92261,554.810311,554.706976,554.613862,554.53227,554.463467,554.408609,554.368674,554.344403,554.33626
568.032062,568.035647,568.046388,568.064249,568.089168,568.121058,568.159807,568.205279,568.257312,568.315718,568.380284,568.450774,568.526922,568.60844,568.695011,568.786294,568.881921,568.9815,569.08461,569.190808,569.299621,569.410555,569.523091,569.636684,569.750769,569.864756,569.978038,570.089987,570.199956,570.307287,570.411304,570.511325,570.606657,570.696605,570.780471,570.857561,570.927187,570.988671,571.041351,571.084583,571.11775,571.14026,571.151553,571.151108,571.138442,571.113116,570.237618,569.354496,568.469336,567.587578,566.714459,565.85495,565.013703,564.194994,563.402671,562.640114,561.910193,561.215239,560.557025,559.936754,559.355058,558.812015,558.307167,557.839561,557.407791,557.010062,556.644248,556.307974,555.99869,555.713753,555.450515,555.206396,554.978969,554.766022,554.565625,554.37617,554.196415,554.0255,553.862952,553.708676,553.562931,553.426288,553.299578,553.183829,553.080195,552.989881,552.914068,552.853838,552.810109,552.78358,552.774688
566.872106,566.876171,566.888355,566.908622,566.936915,566.973153,567.017229,567.069017,567.128363,567.195091,567.269003,567.349873,567.437453,567.53147,567.631627,567.737601,567.849044,567.965585,568.086826,568.212345,568.341695,568.474405,568.60998,568.747901,568.887624,569.028587,569.170203,569.311867,569.452955,569.592824,569.730819,569.866268,569.998492,570.126802,570.250502,570.368897,570.481291,570.586992,570.685317,570.775596,570.857172,570.929409,570.991694,571.04344,571.08409,571.113119,570.224359,569.322919,568.414553,567.504908,566.599468,565.703484,564.821921,563.959395,563.120122,562.307868,561.525904,560.776974,560.063271,559.386416,558.747458,558.146879,557.584617,557.06009,556.572246,556.119614,555.700367,555.312395,554.953379,554.620875,554.312397,554.025496,553.757837,553.507274,553.271905,553.050131,552.840687,552.642671,552.455551,552.279157,552.113661,551.959541,551.817531,551.688561,551.573691,551.474037,551.390701,551.324694,551.27688,551.247917,551.238216
565.7313,565.735837,565.749436,565.772066,565.803671,565.844176,565.893482,565.951469,566.017995,566.092894,566.17598,566.267041,566.365846,566.472136,566.585632,566.706032,566.833006,566.966205,567.105252,567.249749,567.399272,567.553373,567.711582,567.873403,568.038319,568.205789,568.375251,568.546121,568.717795,568.889651,569.06105,569.231335,569.399837,569.565875,569.728757,569.887785,570.042256,570.191467,570.334714,570.471299,570.600531,570.721729,570.834227,570.937375,571.030543,571.113122,570.215239,569.299546,568.371937,567.438241,566.504162,565.575214,564.656652,563.75342,562.870083,562.010782,561.179182,560.378433,559.611143,558.879352,558.184526,557.527557,556.908781,556.327999,555.784523,555.277218,554.804568,554.364744,553.955676,553.575136,553.220819,552.890421,552.581723,552.292658,552.021378,551.766303,551.526168,551.300045,551.087356,550.887871,550.701692,550.529214,550.371085,550.228149,550.101379,549.991811,549.900472,549.828311,549.77614,549.744578,549.734013
564.615569,564.620566,564.635547,564.660482,564.695321,564.739991,564.794402,564.858441,564.931976,565.014852,565.106894,565.207905,565.317667,565.435941,565.562462,565.696948,565.839089,565.988555,566.144993,566.308025,566.477252,566.652249,566.832569,567.017742,567.207272,567.400644,567.597318,567.796731,567.998303,568.201428,568.405485,568.609831,568.813809,569.016746,569.217953,569.416731,569.612372,569.804159,569.99137,570.17328,570.349165,570.518301,570.679972,570.833464,570.978079,571.113124,570.210333,569.284549,568.341778,567.388005,566.42913,565.470902,564.518851,563.578225,562.653926,561.750456,560.871861,560.021692,559.202963,558.418133,557.669084,556.95712,556.28298,555.646857,555.048431,554.48692,553.961129,553.469525,553.010302,552.581464,552.180903,551.806483,551.456115,551.127833,550.819855,550.530645,550.258951,550.003836,549.764694,549.54125,549.333546,549.141911,548.966918,548.809332,548.670052,548.55004,548.450256,548.371591,548.31481,548.280496,548.269016
563.530643,563.536086,563.552409,563.579582,563.617558,563.666271,563.725636,563.795549,563.875886,563.966503,564.067239,564.177908,564.298307,564.428213,564.567379,564.71554,564.872406,565.037667,565.210991,565.392023,565.580384,565.775675,565.977472,566.185326,566.398769,566.617305,566.840418,567.067569,567.298195,567.531712,567.767513,568.004972,568.243442,568.482257,568.720736,568.958176,569.193865,569.427075,569.657064,569.883085,570.104379,570.320184,570.52973,570.73225,570.926971,571.113125,570.209694,569.27806,568.324309,567.354553,566.374864,565.391201,564.409344,563.434827,562.47287,561.52832,560.605594,559.708631,558.840849,558.005117,557.20373,556.43841,555.710299,555.019988,554.367534,553.752515,553.174072,552.63098,552.121711,551.644517,551.197507,550.778725,550.386234,550.018183,549.67288,549.348845,549.044859,548.759992,548.493627,548.245458,548.015482,547.803973,547.611443,547.438589,547.286244,547.155304,547.04667,546.96118,546.899556,546.862349,546.849908
562.482034,562.487909,562.505525,562.534856,562.575859,562.628472,562.692616,562.768196,562.855095,562.953182,563.062304,563.182291,563.312954,563.454083,563.605451,563.766807,563.937883,564.118388,564.308009,564.506414,564.713247,564.928129,565.150659,565.380413,565.616944,565.859781,566.108429,566.36237,566.621061,566.883937,567.150408,567.419863,567.691666,567.965159,568.239665,568.514483,568.788894,569.06216,569.333524,569.602214,569.86744,570.128401,570.384282,570.634255,570.877484,571.113125,570.213356,569.280168,568.319699,567.338159,566.34176,565.336646,564.328825,563.324092,562.327969,561.345629,560.381846,559.440935,558.526707,557.642437,556.790834,555.974029,555.193576,554.450461,553.745132,553.077532,552.447148,551.853075,551.294079,550.768675,550.275202,549.811904,549.377011,548.968808,548.585706,548.226303,547.889427,547.574174,547.279929,547.006373,546.753473,546.521458,546.310792,546.122117,545.956206,545.813902,545.69605,545.603444,545.536765,545.496538,545.483091
561.475018,561.481306,561.500162,561.531562,561.575466,561.631817,561.700542,561.781553,561.874743,561.979989,562.097151,562.226071,562.366573,562.518463,562.681529,562.855538,563.04024,563.235362,563.440613,563.655679,563.880227,564.1139,564.356319,564.607083,564.865766,565.131919,565.405069,565.68472,565.970347,566.261404,566.557319,566.857492,567.161301,567.468096,567.777204,568.087925,568.399537,568.71129,569.022414,569.332113,569.639569,569.943944,570.244377,570.539987,570.829876,571.113125,570.221332,569.290924,568.32806,567.339014,566.330113,565.307657,564.277854,563.24674,562.220113,561.203458,560.201886,559.220077,558.262225,557.332002,556.432524,555.566332,554.735389,553.941084,553.184256,552.465221,551.783824,551.13949,550.531292,549.958021,549.418263,548.910478,548.433078,547.984502,547.563284,547.168112,546.797884,546.451735,546.12907,545.82957,545.553185,545.300118,545.070793,544.865808,544.685889,544.53183,544.404432,544.304447,544.232524,544.18916,544.17467
560.51461,560.521292,560.541328,560.574697,560.621363,560.681272,560.754359,560.84054,560.939718,561.05178,561.176597,561.314022,561.463892,561.626028,561.800233,561.986291,562.183968,562.393011,562.613147,562.844084,563.085506,563.33708,563.598446,563.869226,564.149015,564.437387,564.733888,565.038041,565.349344,565.667265,565.991249,566.320712,566.655041,566.993596,567.335708,567.680679,568.027782,568.37626,568.725327,569.074167,569.421937,569.767761,570.110737,570.449934,570.784392,571.113124,570.233612,569.310336,568.349439,567.357231,566.340119,565.304534,564.256855,563.203335,562.150023,561.102695,560.066785,559.04732,558.048866,557.075481,556.130681,555.217416,554.338054,553.494389,552.687653,551.918546,551.187274,550.493606,549.836932,549.216332,548.630654,548.078589,547.558749,547.069743,546.610242,546.179048,545.775138,545.397707,545.046195,544.720297,544.419964,544.145383,543.896951,543.675235,543.480922,543.314766,543.177532,543.069937,542.992599,542.945996,542.930428
559.605552,559.612604,559.633756,559.668986,559.71826,559.781532,559.858739,559.949806,560.054643,560.173146,560.305195,560.450656,560.60938,560.781199,560.965931,561.163377,561.373318,561.59552,561.829727,562.075665,562.333041,562.601539,562.880821,563.170528,563.470277,563.779661,564.098248,564.42558,564.761171,565.104509,565.455052,565.812231,566.175445,566.544061,566.917415,567.294812,567.67552,568.058775,568.443779,568.829697,569.215659,569.600757,569.98405,570.364559,570.741266,571.113122,570.250169,569.33837,568.383822,567.392837,566.371873,565.327457,564.266114,563.194283,562.118245,561.044043,559.977413,558.923711,557.887863,556.874302,555.886936,554.929114,554.003612,553.112625,552.257784,551.440173,550.66037,549.918495,549.214265,548.547064,547.916015,547.320055,546.75801,546.228676,545.73088,545.263549,544.825761,544.416786,544.036113,543.683471,543.35882,543.062348,542.794437,542.555633,542.346597,542.168051,542.020729,541.905322,541.822423,541.772491,541.755814
558.752289,558.75969,558.781887,558.81886,558.870579,558.937001,559.018069,559.113714,559.223854,559.348392,559.48722,559.640213,559.807233,559.988127,560.182726,560.390845,560.612283,560.846819,561.094216,561.354219,561.626552,561.910917,562.206998,562.514454,562.832922,563.162013,563.501316,563.850389,564.208765,564.575949,564.951414,565.334602,565.724923,566.121754,566.524436,566.932274,567.344535,567.760449,568.179203,568.599948,569.021788,569.443787,569.864966,570.2843,570.700722,571.113119,570.270952,569.374951,568.431134,567.44578,566.425365,565.376484,564.305774,563.219835,562.125152,561.028012,559.934429,558.850076,557.780215,556.729646,555.702657,554.702992,553.733825,552.797755,551.896809,551.032463,550.205671,549.41691,548.666236,547.953348,547.277656,546.638356,546.034507,545.465104,544.929148,544.425708,543.953978,543.513318,543.103285,542.723652,542.374408,542.055753,541.768067,541.511887,541.287854,541.096672,540.939052,540.815661,540.727075,540.673736,540.655925
557.958965,557.966689,557.989856,558.028447,558.082436,558.151782,558.236434,558.336329,558.451391,558.581532,558.726652,558.886637,559.06136,559.25068,559.45444,559.67247,559.904581,560.150571,560.410218,560.683282,560.969506,561.26861,561.580294,561.904237,562.240094,562.587495,562.946045,563.315321,563.694872,564.084217,564.482844,564.890209,565.305731,565.728794,566.158745,566.594891,567.036498,567.482789,567.932941,568.386087,568.841312,569.297653,569.754094,570.209572,570.662968,571.113116,570.295891,569.419963,568.491236,567.515924,566.500485,565.45155,564.375839,563.280083,562.17094,561.054918,559.938287,558.827013,557.726682,556.642443,555.578952,554.540337,553.530169,552.551444,551.606588,550.697467,549.825416,548.991278,548.195457,547.437974,546.718541,546.036627,545.391536,544.782478,544.208643,543.669259,543.163652,542.691288,542.251807,541.845041,541.471023,541.129976,540.822294,540.548514,540.309271,540.105255,539.937164,539.805649,539.71127,539.654462,539.635494
557.229401,557.237422,557.261479,557.301556,557.357629,557.42966,557.517603,557.6214,557.740982,557.876269,558.027167,558.193574,558.375371,558.572429,558.784603,559.011735,559.253651,559.510162,559.781061,560.066124,560.365109,560.677754,561.003775,561.342868,561.694704,562.058931,562.43517,562.823014,563.222028,563.631746,564.051668,564.481261,564.919955,565.367142,565.822173,566.284357,566.752958,567.227195,567.706236,568.189199,568.67515,569.163099,569.652002,570.140755,570.628199,571.113113,570.324895,569.473249,568.563929,567.60305,566.597021,565.552471,564.476173,563.374956,562.255627,561.124882,559.989228,558.854899,557.727785,556.613366,555.516658,554.44216,553.39383,552.375059,551.388667,550.436914,549.521518,548.643694,547.804199,547.00339,546.241288,545.517649,544.832034,544.183887,543.572598,542.997572,542.45828,541.954311,541.485404,541.051465,540.652584,540.289021,539.961197,539.669659,539.415047,539.198048,539.019352,538.879602,538.779349,538.719019,538.698879
556.567087,556.575377,556.600241,556.641666,556.699627,556.774093,556.86502,556.972354,557.096034,557.235985,557.392123,557.564351,557.752562,557.956636,558.17644,558.411826,558.662633,558.928684,559.209788,559.505733,559.816293,560.141219,560.480244,560.83308,561.199412,561.578904,561.971192,562.375885,562.79256,563.220766,563.660014,564.109782,564.56951,565.038596,565.516397,566.002222,566.495337,566.994954,567.500233,568.01028,568.524143,569.040811,569.55921,570.078204,570.596593,571.113109,570.357854,569.534612,568.648954,567.70686,566.714656,565.678938,564.606495,563.504225,562.37905,561.237831,560.08728,558.933877,557.783797,556.642834,555.516343,554.409187,553.325699,552.26966,551.244281,550.252213,549.29556,548.375913,547.49439,546.65169,545.848155,545.083839,544.358575,543.672051,543.023873,542.413638,541.840979,541.305623,540.807419,540.346367,539.922625,539.536506,539.188466,538.879079,538.608996,538.378912,538.189517,538.041452,537.935264,537.871375,537.850048
555.975171,555.983701,556.009286,556.051913,556.111561,556.188199,556.281789,556.392282,556.519619,556.663734,556.824548,557.001974,557.195911,557.406248,557.632863,557.875617,558.134362,558.408932,558.699147,559.004809,559.325704,559.661598,560.012237,560.377345,560.756624,561.149751,561.556375,561.976118,562.408571,562.853293,563.309809,563.777605,564.256129,564.744786,565.242937,565.749895,566.264922,566.787228,567.315967,567.850232,568.389056,568.931409,569.476191,570.022238,570.568312,571.113105,570.394638,569.603815,568.74599,567.826975,566.852978,565.830524,564.766388,563.667502,562.540873,561.393494,560.232258,559.063865,557.894751,556.731005,555.578304,554.441859,553.326371,552.235999,551.174343,550.144442,549.148787,548.189347,547.267606,546.384612,545.54104,544.737249,543.973358,543.249311,542.564948,541.920067,541.314482,540.74807,540.220809,539.732802,539.284291,538.875656,538.507402,538.180137,537.894538,537.651315,537.451165,537.294734,537.182571,537.115097,537.092576
555.456452,555.465192,555.491408,555.535088,555.596212,555.674752,555.770673,555.88393,556.014469,556.162229,556.327137,556.509112,556.708062,556.923883,557.156461,557.405667,557.671362,557.95339,558.251583,558.565753,558.895698,559.241197,559.602006,559.977863,560.368481,560.77355,561.192731,561.625658,562.071933,562.531126,563.00277,563.486362,563.981356,564.487163,565.003149,565.528628,566.062862,566.605058,567.154363,567.709861,568.270572,568.835448,569.403369,569.973143,570.543502,571.113102,570.435098,569.680583,568.85466,567.962938,567.011471,566.006682,564.955294,563.86424,562.740579,561.591406,560.423764,559.24455,558.060433,556.877775,555.702559,554.54033,553.39614,552.27452,551.179449,550.114352,549.082106,548.08506,547.125067,546.203533,545.32147,544.479556,543.678204,542.91763,542.197917,541.519082,540.881131,540.284107,539.72813,539.213424,538.740327,538.309297,537.920902,537.575796,537.27469,537.018319,536.807397,536.64258,536.524424,536.453353,536.429633
555.01337,555.022289,555.049043,555.093621,555.156005,555.236168,555.334078,555.449694,555.582966,555.733837,555.902239,556.088097,556.291324,556.511825,556.749492,557.004204,557.275831,557.564226,557.869228,558.190661,558.528332,558.882029,559.25152,559.636554,560.036853,560.452118,560.882021,561.326205,561.784283,562.255833,562.740397,563.23748,563.746541,564.266998,564.798218,565.33952,565.890163,566.449353,567.01623,567.589873,568.169289,568.753415,569.341114,569.93117,570.522289,571.113098,570.479069,569.764605,568.974529,568.114215,567.189526,566.206749,565.172518,564.093735,562.977476,561.830908,560.661191,559.475389,558.280382,557.082782,555.888857,554.704465,553.535,552.38535,551.259867,550.162357,549.09608,548.063764,547.067636,546.109464,545.190604,544.312061,543.474555,542.678583,541.924485,541.21251,540.542869,539.915788,539.331542,538.790487,538.293072,537.839849,537.431457,537.068609,536.752061,536.48258,536.260907,536.087713,535.963567,535.888899,535.863979
554.648,554.657067,554.684264,554.729582,554.793003,554.874504,554.974053,555.091613,555.227136,555.38057,555.551851,555.740908,555.947661,556.172018,556.413878,556.673128,556.949643,557.243284,557.553898,557.881317,558.225355,558.585809,558.962456,559.355053,559.763332,560.187002,560.625742,561.079207,561.547014,562.028752,562.523969,563.032174,563.552835,564.085372,564.629156,565.183505,565.747682,566.320888,566.902261,567.49087,568.085717,568.685724,569.28974,569.896532,570.504784,571.113095,570.526364,569.855532,569.105109,568.280197,567.386438,566.429945,565.417232,564.35513,563.2507,562.111146,560.943717,559.755612,558.553896,557.345404,556.136668,554.933841,553.742642,552.568304,551.415543,550.288538,549.190927,548.125819,547.095815,546.103047,545.149224,544.235685,543.363466,542.533354,541.745961,541.00178,540.301242,539.644765,539.032795,538.465835,537.944459,537.46932,537.041146,536.660716,536.328844,536.046339,535.813972,535.63244,535.502327,535.424074,535.397959
554.362047,554.371229,554.398774,554.44467,554.508903,554.59145,554.692281,554.81136,554.948645,555.104083,555.277616,555.469175,555.678685,555.906059,556.151199,556.413999,556.694337,556.992082,557.307086,557.639187,557.988205,558.353946,558.736192,559.134706,559.549228,559.979473,560.425129,560.885854,561.361276,561.850985,562.354537,562.871447,563.401186,563.943176,564.496793,565.061356,565.636126,566.220303,566.813023,567.41335,568.020276,568.632718,569.249511,569.869407,570.491074,571.113092,570.576784,569.952983,569.245856,568.460204,567.601411,566.675383,565.688476,564.647417,563.559217,562.431082,561.270316,560.084226,558.880028,557.664759,556.445189,555.227747,554.018458,552.822886,551.646098,550.492639,549.366522,548.271231,547.209742,546.184555,545.197736,544.250965,543.345601,542.482735,541.66326,540.887923,540.157388,539.472281,538.833232,538.240902,537.696002,537.199304,536.75163,536.353842,536.006817,535.711416,535.468451,535.278647,535.142611,535.0608,535.033497
554.156841,554.166107,554.1939,554.240211,554.305026,554.388323,554.490074,554.610244,554.748791,554.905667,555.080815,555.27417,555.485657,555.715194,555.962688,556.228033,556.511115,556.811803,557.129956,557.465416,557.818008,558.18754,558.573802,558.976562,559.395563,559.830526,560.281143,560.747078,561.227962,561.723392,562.232925,562.756081,563.292333,563.841108,564.401782,564.973674,565.556046,566.148098,566.748961,567.357699,567.973297,568.594664,569.220629,569.849933,570.481231,571.113091,570.630113,570.056544,569.396179,568.653486,567.83356,566.942064,565.985161,564.969439,563.901824,562.789487,561.639756,560.460011,559.257594,558.039712,556.813348,555.585186,554.361538,553.148283,551.950826,550.774069,549.622391,548.499648,547.409192,546.35389,545.336167,544.358054,543.421238,542.527124,541.676893,540.871562,540.11204,539.399171,538.733782,538.116705,537.548803,537.030975,536.564153,536.149289,535.787334,535.479211,535.225779,535.027798,534.885904,534.800571,534.772093
554.033336,554.042651,554.070594,554.117156,554.182321,554.266069,554.368373,554.489199,554.628506,554.786248,554.962367,555.156802,555.369479,555.600318,555.849227,556.116105,556.400836,556.703296,557.023344,557.360824,557.715566,558.087381,558.47606,558.881374,559.30307,559.740872,560.194475,560.663545,561.147716,561.646588,562.159722,562.686637,563.226809,563.779667,564.344588,564.920891,565.507839,566.104631,566.710397,567.324197,567.945014,568.571755,569.203241,569.838208,570.475305,571.113089,570.686119,570.16577,569.555438,568.859229,568.081917,567.228888,566.306078,565.3199,564.277156,563.184954,562.050605,560.881534,559.685172,558.468871,557.239802,556.004878,554.770675,553.543373,552.328701,551.131903,549.957717,548.810367,547.693576,546.61058,545.564167,544.556719,543.590261,542.666519,541.786973,540.952919,540.165522,539.425857,538.73496,538.093847,537.503543,536.965088,536.479534,536.047935,535.671326,535.350698,535.086965,534.880932,534.733264,534.644457,534.614821
553.992104,554.001436,554.029429,554.076074,554.141356,554.225255,554.327743,554.448788,554.588349,554.746379,554.922823,555.117618,555.330693,555.561966,555.811348,556.078737,556.364019,556.66707,556.987751,557.325906,557.681366,558.053942,558.443427,558.849594,559.27219,559.710939,560.165539,560.635656,561.120925,561.620946,562.135281,562.663451,563.204932,563.759154,564.325492,564.903268,565.491744,566.090118,566.69752,567.313011,567.935571,568.564106,569.197435,569.834294,570.473327,571.113089,570.744558,570.280187,569.722948,569.076555,568.345431,567.534653,566.649896,565.69736,564.683693,563.615896,562.501236,561.347142,560.161109,558.950599,557.722943,556.485259,555.244369,554.006727,552.778373,551.564881,550.371338,549.20233,548.061944,546.953785,545.881006,544.846344,543.852165,542.900524,541.993211,541.131809,540.317747,539.552348,538.836864,538.17251,537.560484,537.001976,536.498172,536.050236,535.659297,535.326424,535.052592,534.838656,534.685319,534.593101,534.562325
