659.047327,658.989337,658.815754,658.52769,658.127107,657.616577,656.999382,656.279431,655.4612,654.549678,653.550298,652.468875,651.311542,650.084693,648.79492,647.448966,646.05368,644.615975,643.142796,641.641095,640.117811,638.579852,637.034087,635.487338,633.946379,632.417932,630.908697,629.425224,627.974103,626.561827,625.194818,623.879409,622.621828,621.428172,620.304374,619.25617,618.28905,617.408214,616.618521,615.924428,615.329943,614.838566,614.453238,614.176298,614.009446,613.953714,614.009446,614.176298,614.453238,614.838566,615.329943,615.924428,616.618521,617.408214,618.28905,619.25617,620.304374,621.428172,622.621828,623.879409,625.194818,626.561827,627.974103,629.425224,630.908697,632.417932,633.946379,635.487338,637.034087,638.579852,640.117811,641.641095,643.142796,644.615975,646.05368,647.448966,648.79492,650.084693,651.311542,652.468875,653.550298,654.549678,655.4612,656.279431,656.999382,657.616577,658.127107,658.52769,658.815754,658.989337,659.047327
658.86853,658.810663,658.637444,658.349985,657.950237,657.440764,656.824835,656.106345,655.289754,654.380034,653.382599,652.303245,651.148088,649.9235,648.636056,647.292481,645.899607,644.464329,642.993579,641.494295,639.973402,638.437797,636.894339,635.349841,633.81107,632.284738,630.777541,629.296023,627.84677,626.436272,625.070945,623.757121,622.501025,621.308752,620.186233,619.139202,618.173148,617.29327,616.504424,615.811069,615.217209,614.726344,614.341415,614.064761,613.898081,613.842406,613.898081,614.064761,614.341415,614.726344,615.217209,615.811069,616.504424,617.29327,618.173148,619.139202,620.186233,621.308752,622.501025,623.757121,625.070945,626.436272,627.84677,629.296023,630.777541,632.284738,633.81107,635.349841,636.894339,638.437797,639.973402,641.494295,642.993579,644.464329,645.899607,647.292481,648.636056,649.9235,651.148088,652.303245,653.382599,654.380034,655.289754,656.106345,656.824835,657.440764,657.950237,658.349985,658.637444,658.810663,658.86853
658.333137,658.275636,658.103511,657.817894,657.420646,656.914337,656.302199,655.588083,654.776402,653.872076,652.880463,651.807306,650.65866,649.440842,648.160371,646.823918,645.438262,644.010253,642.546775,641.054725,639.54099,638.012433,636.475882,634.938123,633.405898,631.885899,630.384804,628.90914,627.46548,626.060301,624.700011,623.390932,622.139282,620.951149,619.832459,618.78894,617.826077,616.949066,616.162758,615.471609,614.879621,614.390291,614.006558,613.73076,613.564593,613.509089,613.564593,613.73076,614.006558,614.390291,614.879621,615.471609,616.162758,616.949066,617.826077,618.78894,619.832459,620.951149,622.139282,623.390932,624.700011,626.060301,627.46548,628.90914,630.384804,631.885899,633.405898,634.938123,636.475882,638.012433,639.54099,641.054725,642.546775,644.010253,645.438262,646.823918,648.160371,649.440842,650.65866,651.807306,652.880463,653.872076,654.776402,655.588083,656.302199,656.914337,657.420646,657.817894,658.103511,658.275636,658.333137
657.444305,657.387411,657.217102,656.934485,656.541388,656.04033,655.434483,654.727626,653.924095,653.028721,652.046773,650.983899,649.84606,648.639478,647.370579,646.045945,644.67227,643.256323,641.804913,640.324869,638.823013,637.306153,635.781065,634.254491,632.73313,631.223643,629.732672,628.266724,626.832346,625.435996,624.084066,622.782862,621.538591,620.357329,619.244994,618.207304,617.249738,616.377484,615.595388,614.9079,614.319019,613.832237,613.450489,613.17611,613.010797,612.955577,613.010797,613.17611,613.450489,613.832237,614.319019,614.9079,615.595388,616.377484,617.249738,618.207304,619.244994,620.357329,621.538591,622.782862,624.084066,625.435996,626.832346,628.266724,629.732672,631.223643,632.73313,634.254491,635.781065,637.306153,638.823013,640.324869,641.804913,643.256323,644.67227,646.045945,647.370579,648.639478,649.84606,650.983899,652.046773,653.028721,653.924095,654.727626,655.434483,656.04033,656.541388,656.934485,657.217102,657.387411,657.444305
656.20712,656.151072,655.983288,655.704846,655.317524,654.823771,654.226676,653.529919,652.737725,651.854806,650.886304,649.837736,648.714931,647.52398,646.271179,644.962988,643.60598,642.206812,640.77219,639.308847,637.823517,636.322929,634.813787,633.302771,631.796524,630.30169,628.824774,627.372341,625.950876,624.566809,623.226508,621.93626,620.702254,619.530551,618.427056,617.397476,616.447279,615.581644,614.805408,614.123015,613.538456,613.055218,612.676231,612.403828,612.2397,612.184876,612.2397,612.403828,612.676231,613.055218,613.538456,614.123015,614.805408,615.581644,616.447279,617.397476,618.427056,619.530551,620.702254,621.93626,623.226508,624.566809,625.950876,627.372341,628.824774,630.30169,631.796524,633.302771,634.813787,636.322929,637.823517,639.308847,640.77219,642.206812,643.60598,644.962988,646.271179,647.52398,648.714931,649.837736,650.886304,651.854806,652.737725,653.529919,654.226676,654.823771,655.317524,655.704846,655.983288,656.151072,656.20712
654.628697,654.573726,654.409162,654.136044,653.756084,653.271646,652.68571,652.001831,651.224091,650.357051,649.405691,648.375361,647.271723,646.100699,644.868422,643.581191,642.245431,640.867654,639.454434,638.012381,636.548119,635.068274,633.579461,632.088278,630.601299,629.125104,627.666147,626.230945,624.825941,623.457533,622.132058,620.855778,619.634859,618.475344,617.38312,616.363879,615.423077,614.565879,613.797115,613.121217,612.542168,612.063449,611.687983,611.418098,611.255483,611.201163,611.255483,611.418098,611.687983,612.063449,612.542168,613.121217,613.797115,614.565879,615.423077,616.363879,617.38312,618.475344,619.634859,620.855778,622.132058,623.457533,624.825941,626.230945,627.666147,629.125104,630.601299,632.088278,633.579461,635.068274,636.548119,638.012381,639.454434,640.867654,642.245431,643.581191,644.868422,646.100699,647.271723,648.375361,649.405691,650.357051,651.224091,652.001831,652.68571,653.271646,653.756084,654.136044,654.409162,654.573726,654.628697
652.718088,652.664421,652.503751,652.237071,651.866016,651.392844,650.820404,650.1521,649.391842,648.544005,647.613376,646.605103,645.524644,644.377718,643.17026,641.908377,640.598309,639.2464,637.85906,636.442752,635.003965,633.549203,632.084973,630.617773,629.154125,627.700439,626.2632,624.848834,623.463739,622.114267,620.806722,619.547334,618.342242,617.197467,616.118873,615.112137,614.182697,613.335705,612.575977,611.907934,611.33555,610.862295,610.491088,610.224248,610.063462,610.009753,610.063462,610.224248,610.491088,610.862295,611.33555,611.907934,612.575977,613.335705,614.182697,615.112137,616.118873,617.197467,618.342242,619.547334,620.806722,622.114267,623.463739,624.848834,626.2632,627.700439,629.154125,630.617773,632.084973,633.549203,635.003965,636.442752,637.85906,639.2464,640.598309,641.908377,643.17026,644.377718,645.524644,646.605103,647.613376,648.544005,649.391842,650.1521,650.820404,651.392844,651.866016,652.237071,652.503751,652.664421,652.718088
650.486216,650.43407,650.277945,650.018779,649.658115,649.19809,648.641401,647.99127,647.251412,646.425984,645.519545,644.537009,643.483595,642.364786,641.186286,639.953977,638.673887,637.352157,635.995012,634.608742,633.199677,631.774181,630.338631,628.899445,627.46295,626.035565,624.623664,623.233612,621.871744,620.544369,619.257746,618.018068,616.831445,615.703869,614.641181,613.649037,612.732856,611.897773,611.14859,610.489713,609.925106,609.458229,609.09199,608.828705,608.670054,608.617056,608.670054,608.828705,609.09199,609.458229,609.925106,610.489713,611.14859,611.897773,612.732856,613.649037,614.641181,615.703869,616.831445,618.018068,619.257746,620.544369,621.871744,623.233612,624.623664,626.035565,627.46295,628.899445,630.338631,631.774181,633.199677,634.608742,635.995012,637.352157,638.673887,639.953977,641.186286,642.364786,643.483595,644.537009,645.519545,646.425984,647.251412,647.99127,648.641401,649.19809,649.658115,650.018779,650.277945,650.43407,650.486216
647.94579,647.895373,647.744416,647.493792,647.144943,646.699864,646.16108,645.53161,644.814941,644.014987,643.136047,642.182765,641.160094,640.073245,638.927659,637.728966,636.482949,635.195521,633.872696,632.520566,631.145284,629.753082,628.350129,626.942718,625.537123,624.139632,622.756535,621.394118,620.058655,618.756398,617.493557,616.276286,615.110658,614.002634,612.958029,611.982474,611.081366,610.259822,609.522627,608.874172,608.318406,607.858779,607.49819,607.238946,607.082721,607.030532,607.082721,607.238946,607.49819,607.858779,608.318406,608.874172,609.522627,610.259822,611.081366,611.982474,612.958029,614.002634,615.110658,616.276286,617.493557,618.756398,620.058655,621.394118,622.756535,624.139632,625.537123,626.942718,628.350129,629.753082,631.145284,632.520566,633.872696,635.195521,636.482949,637.728966,638.927659,640.073245,641.160094,642.182765,643.136047,644.014987,644.814941,645.53161,646.16108,646.699864,647.144943,647.493792,647.744416,647.895373,647.94579
645.111211,645.062721,644.917522,644.676415,644.34073,643.912305,643.393469,642.787018,642.096186,641.324611,640.476305,639.555615,638.56719,637.515944,636.407024,635.245775,634.037713,632.788495,631.503898,630.189797,628.852177,627.496994,626.130354,624.758373,623.3872,622.023011,620.672,619.34037,618.034323,616.760048,615.523704,614.331397,613.189161,612.102922,611.078464,610.121392,609.237079,608.430621,607.706782,607.06994,606.524026,606.072477,605.718183,605.463441,605.30992,605.258633,605.30992,605.463441,605.718183,606.072477,606.524026,607.06994,607.706782,608.430621,609.237079,610.121392,611.078464,612.102922,613.189161,614.331397,615.523704,616.760048,618.034323,619.34037,620.672,622.023011,623.3872,624.758373,626.130354,627.496994,628.852177,630.189797,631.503898,632.788495,634.037713,635.245775,636.407024,637.515944,638.56719,639.555615,640.476305,641.324611,642.096186,642.787018,643.393469,643.912305,644.34073,644.676415,644.917522,645.062721,645.111211
641.998461,641.952084,641.813197,641.582525,641.261271,640.851102,640.354136,639.77292,639.11041,638.369944,637.555218,636.670251,635.719364,634.707141,633.638408,632.5182,631.351736,630.144396,628.901729,627.629307,626.332897,625.018325,623.691485,622.358337,621.024893,619.697206,618.381365,617.083482,615.809681,614.566081,613.358783,612.193844,611.077252,610.014896,609.012527,608.075718,607.209819,606.419901,605.710707,605.086596,604.551483,604.108792,603.7614,603.511595,603.361038,603.31074,603.361038,603.511595,603.7614,604.108792,604.551483,605.086596,605.710707,606.419901,607.209819,608.075718,609.012527,610.014896,611.077252,612.193844,613.358783,614.566081,615.809681,617.083482,618.381365,619.697206,621.024893,622.358337,623.691485,625.018325,626.332897,627.629307,628.901729,630.144396,631.351736,632.5182,633.638408,634.707141,635.719364,636.670251,637.555218,638.369944,639.11041,639.77292,640.354136,640.851102,641.261271,641.582525,641.813197,641.952084,641.998461
638.624986,638.580895,638.448836,638.229451,637.923807,637.533386,637.060074,636.506152,635.874274,635.167454,634.389044,633.542712,632.632419,631.662397,630.637122,629.561294,628.439846,627.27779,626.080398,624.853046,623.601237,622.33058,621.04678,619.755628,618.462985,617.174775,615.896972,614.635588,613.396663,612.186242,611.010362,609.875026,608.786173,607.749652,606.771178,605.856291,605.010312,604.238287,603.544937,602.934599,602.411172,601.978063,601.638138,601.393673,601.246324,601.197096,601.246324,601.393673,601.638138,601.978063,602.411172,602.934599,603.544937,604.238287,605.010312,605.856291,606.771178,607.749652,608.786173,609.875026,611.010362,612.186242,613.396663,614.635588,615.896972,617.174775,618.462985,619.755628,621.04678,622.33058,623.601237,624.853046,626.080398,627.27779,628.439846,629.561294,630.637122,631.662397,632.632419,633.542712,634.389044,635.167454,635.874274,636.506152,637.060074,637.533386,637.923807,638.229451,638.448836,638.580895,638.624986
635.009568,634.96792,634.843162,634.635848,634.346897,633.977592,633.529574,633.004835,632.405711,631.734865,630.995285,630.190259,629.323367,628.398461,627.419676,626.391293,625.317902,624.204259,623.055302,621.876134,620.672005,619.448297,618.210511,616.964258,615.715239,614.469236,613.232104,612.009749,610.808117,609.633176,608.490894,607.387215,606.328029,605.319139,604.36622,603.474779,602.650106,601.897219,601.220815,600.62521,600.114282,599.691424,599.359485,599.120733,598.976815,598.928731,598.976815,599.120733,599.359485,599.691424,600.114282,600.62521,601.220815,601.897219,602.650106,603.474779,604.36622,605.319139,606.328029,607.387215,608.490894,609.633176,610.808117,612.009749,613.232104,614.469236,615.715239,616.964258,618.210511,619.448297,620.672005,621.876134,623.055302,624.204259,625.317902,626.391293,627.419676,628.398461,629.323367,630.190259,630.995285,631.734865,632.405711,633.004835,633.529574,633.977592,634.346897,634.635848,634.843162,634.96792,635.009568
631.172182,631.133122,631.016095,630.821559,630.550281,630.203332,629.782092,629.288249,628.723797,628.091034,627.392586,626.631282,625.810329,624.933175,624.003535,623.02537,622.002878,620.940476,619.842785,618.714617,617.560954,616.38694,615.197861,613.999134,612.796293,611.594973,610.400897,609.21986,608.057712,606.920336,605.81363,604.743473,603.715701,602.73607,601.810214,600.943603,600.141493,599.408875,598.750419,598.170416,597.672727,597.260724,596.937244,596.704543,596.564259,596.517386,596.564259,596.704543,596.937244,597.260724,597.672727,598.170416,598.750419,599.408875,600.141493,600.943603,601.810214,602.73607,603.715701,604.743473,605.81363,606.920336,608.057712,609.21986,610.400897,611.594973,612.796293,613.999134,615.197861,616.38694,617.560954,618.714617,619.842785,620.940476,622.002878,623.02537,624.003535,624.933175,625.810329,626.631282,627.392586,628.091034,628.723797,629.288249,629.782092,630.203332,630.550281,630.821559,631.016095,631.133122,631.172182
627.133893,627.097548,626.988633,626.807507,626.554773,626.231282,625.83814,625.376715,624.848642,624.255834,623.600479,622.885047,622.11229,621.285236,620.407186,619.481704,618.512609,617.503962,616.460053,615.385387,614.28467,613.162792,612.024814,610.875953,609.721565,608.56713,607.418235,606.280557,605.159846,604.061895,602.992526,601.957553,600.962755,600.013837,599.11639,598.275845,597.497422,596.786083,596.146468,595.582847,595.099027,594.698422,594.383824,594.157475,594.021007,593.975406,594.021007,594.157475,594.383824,594.698422,595.099027,595.582847,596.146468,596.786083,597.497422,598.275845,599.11639,600.013837,600.962755,601.957553,602.992526,604.061895,605.159846,606.280557,607.418235,608.56713,609.721565,610.875953,612.024814,613.162792,614.28467,615.385387,616.460053,617.503962,618.512609,619.481704,620.407186,621.285236,622.11229,622.885047,623.600479,624.255834,624.848642,625.376715,625.83814,626.231282,626.554773,626.807507,626.988633,627.097548,627.133893
622.916569,622.88305,622.78258,622.615414,622.381984,622.082912,621.719018,621.291336,620.801131,620.249909,619.639437,618.971748,618.249151,617.474237,616.649876,615.779221,614.865696,613.912992,612.925054,611.90607,610.860456,609.792841,608.70805,607.611093,606.50714,605.40151,604.29965,603.207114,602.129543,601.072642,600.042151,599.043816,598.083356,597.166423,596.298562,595.485164,594.731384,594.042208,593.42222,592.875661,592.406348,592.017616,591.712268,591.492537,591.360042,591.315767,591.360042,591.492537,591.712268,592.017616,592.406348,592.875661,593.42222,594.042208,594.731384,595.485164,596.298562,597.166423,598.083356,599.043816,600.042151,601.072642,602.129543,603.207114,604.29965,605.40151,606.50714,607.611093,608.70805,609.792841,610.860456,611.90607,612.925054,613.912992,614.865696,615.779221,616.649876,617.474237,618.249151,618.971748,619.639437,620.249909,620.801131,621.291336,621.719018,622.082912,622.381984,622.615414,622.78258,622.88305,622.916569
618.542935,618.512338,618.420594,618.267852,618.05437,617.78053,617.446857,617.05404,616.602958,616.094704,615.530603,614.912238,614.241461,613.520411,612.751516,611.9375,611.081383,610.186473,609.256358,608.2949,607.306216,606.294664,605.264829,604.221503,603.169667,602.114473,601.061221,600.015339,598.982359,597.967889,596.977587,596.017127,595.092167,594.208275,593.371006,592.585679,591.857439,591.191182,590.591488,590.062575,589.608233,589.231778,588.935998,588.72311,588.594725,588.551821,588.594725,588.72311,588.935998,589.231778,589.608233,590.062575,590.591488,591.191182,591.857439,592.585679,593.371006,594.208275,595.092167,596.017127,596.977587,597.967889,598.982359,600.015339,601.061221,602.114473,603.169667,604.221503,605.264829,606.294664,607.306216,608.2949,609.256358,610.186473,611.081383,611.9375,612.751516,613.520411,614.241461,614.912238,615.530603,616.094704,616.602958,617.05404,617.446857,617.78053,618.05437,618.267852,618.420594,618.512338,618.542935
614.03628,614.00868,613.925892,613.787954,613.594943,613.346997,613.044336,612.687297,612.276363,611.812197,611.295678,610.727922,610.110316,609.444532,608.732546,607.976645,607.179429,606.343818,605.473034,604.570603,603.640337,602.686316,601.712877,600.724592,599.726247,598.722821,597.719465,596.721477,595.734275,594.763369,593.814304,592.892739,592.004235,591.154334,590.348484,589.591986,588.88995,588.247234,587.668388,587.1576,586.718638,586.354796,586.068845,585.862987,585.738825,585.697328,585.738825,585.862987,586.068845,586.354796,586.718638,587.1576,587.668388,588.247234,588.88995,589.591986,590.348484,591.154334,592.004235,592.892739,593.814304,594.763369,595.734275,596.721477,597.719465,598.722821,599.726247,600.724592,601.712877,602.686316,603.640337,604.570603,605.473034,606.343818,607.179429,607.976645,608.732546,609.444532,610.110316,610.727922,611.295678,611.812197,612.276363,612.687297,613.044336,613.346997,613.594943,613.787954,613.925892,614.00868,614.03628
609.420336,609.395793,609.322137,609.199293,609.027156,608.805612,608.534571,608.21401,607.844007,607.424791,606.95678,606.44062,605.877219,605.267776,604.613806,603.917148,603.17998,602.404822,601.594526,600.752275,599.88157,598.98621,598.070278,597.138121,596.194327,595.243699,594.291237,593.342075,592.401575,591.475116,590.568184,589.686304,588.835002,588.019761,587.245975,586.518904,585.843615,585.224928,584.667363,584.175079,583.751818,583.400852,583.124935,582.926255,582.806403,582.766344,582.806403,582.926255,583.124935,583.400852,583.751818,584.175079,584.667363,585.224928,585.843615,586.518904,587.245975,588.019761,588.835002,589.686304,590.568184,591.475116,592.401575,593.342075,594.291237,595.243699,596.194327,597.138121,598.070278,598.98621,599.88157,600.752275,601.594526,602.404822,603.17998,603.917148,604.613806,605.267776,605.877219,606.44062,606.95678,607.424791,607.844007,608.21401,608.534571,608.805612,609.027156,609.199293,609.322137,609.395793,609.420336
604.719131,604.697685,604.633283,604.525737,604.374752,604.179962,603.940964,603.657366,603.328839,602.955169,602.536309,602.072426,601.563946,601.011589,600.416399,599.779767,599.103442,598.389537,597.640532,596.859264,596.048917,595.213005,594.355357,593.480091,592.591564,591.694462,590.793599,589.894002,589.000856,588.11947,587.25524,586.413613,585.600047,584.819966,584.078712,583.381496,582.733345,582.139041,581.603071,581.129565,580.722238,580.38434,580.118606,579.92721,579.811733,579.773134,579.811733,579.92721,580.118606,580.38434,580.722238,581.129565,581.603071,582.139041,582.733345,583.381496,584.078712,584.819966,585.600047,586.413613,587.25524,588.11947,589.000856,589.894002,590.793599,591.694462,592.591564,593.480091,594.355357,595.213005,596.048917,596.859264,597.640532,598.389537,599.103442,599.779767,600.416399,601.011589,601.563946,602.072426,602.536309,602.955169,603.328839,603.657366,603.940964,604.179962,604.374752,604.525737,604.633283,604.697685,604.719131
599.956835,599.93851,599.883431,599.791295,599.661619,599.493781,599.28706,599.040696,598.753947,598.426155,598.056803,597.645576,597.192413,596.697554,596.16157,595.585399,594.970358,594.318154,593.63089,592.911054,592.161486,591.38547,590.586549,589.768611,588.935839,588.092683,587.243827,586.394164,585.54876,584.71282,583.891648,583.090615,582.315108,581.570491,580.862053,580.194956,579.574183,579.004481,578.490301,578.035741,577.644493,577.319782,577.064325,576.88028,576.769218,576.732091,576.769218,576.88028,577.064325,577.319782,577.644493,578.035741,578.490301,579.004481,579.574183,580.194956,580.862053,581.570491,582.315108,583.090615,583.891648,584.71282,585.54876,586.394164,587.243827,588.092683,588.935839,589.768611,590.586549,591.38547,592.161486,592.911054,593.63089,594.318154,594.970358,595.585399,596.16157,596.697554,597.192413,597.645576,598.056803,598.426155,598.753947,599.040696,599.28706,599.493781,599.661619,599.791295,599.883431,599.93851,599.956835
595.157623,595.142423,595.096682,595.01998,594.911647,594.770802,594.596408,594.387335,594.142428,593.86058,593.540808,593.182313,592.784548,592.347241,591.87055,591.354929,590.801263,590.210856,589.58543,588.927129,588.2385,587.522487,586.782402,586.021904,585.244972,584.455878,583.659149,582.85954,582.061998,581.271622,580.493627,579.733303,578.995968,578.286923,577.611403,576.974522,576.381219,575.836202,575.343886,574.90834,574.533227,574.221751,573.976607,573.79994,573.693309,573.65766,573.693309,573.79994,573.976607,574.221751,574.533227,574.90834,575.343886,575.836202,576.381219,576.974522,577.611403,578.286923,578.995968,579.733303,580.493627,581.271622,582.061998,582.85954,583.659149,584.455878,585.244972,586.021904,586.782402,587.522487,588.2385,588.927129,589.58543,590.210856,590.801263,591.354929,591.87055,592.347241,592.784548,593.182313,593.540808,593.86058,594.142428,594.387335,594.596408,594.770802,594.911647,595.01998,595.096682,595.142423,595.157623
590.345502,590.333416,590.296974,590.235643,590.148565,590.034603,589.892403,589.720465,589.517224,589.281129,589.010728,588.704743,588.362143,587.982201,587.564553,587.109228,586.616684,586.087818,585.52398,584.926967,584.299012,583.642772,582.961303,582.258038,581.536751,580.801536,580.056764,579.307052,578.557228,577.812285,577.077348,576.357626,575.658366,574.984808,574.342131,573.735399,573.169508,572.649124,572.17863,571.762061,571.403054,571.104788,570.869939,570.700638,570.59843,570.564256,570.59843,570.700638,570.869939,571.104788,571.403054,571.762061,572.17863,572.649124,573.169508,573.735399,574.342131,574.984808,575.658366,576.357626,577.077348,577.812285,578.557228,579.307052,580.056764,580.801536,581.536751,582.258038,582.961303,583.642772,584.299012,584.926967,585.52398,586.087818,586.616684,587.109228,587.564553,587.982201,588.362143,588.704743,589.010728,589.281129,589.517224,589.720465,589.892403,590.034603,590.148565,590.235643,590.296974,590.333416,590.345502
585.544302,585.535298,585.508066,585.461957,585.395927,585.308585,585.198264,585.063099,584.901115,584.710323,584.488808,584.234816,583.946837,583.62367,583.264486,582.868868,582.43685,581.96893,581.466088,580.929778,580.361924,579.764898,579.141505,578.494949,577.828807,577.146993,576.453724,575.753481,575.050971,574.351084,573.658853,572.979406,572.31792,571.679573,571.069486,570.492676,569.953991,569.45806,569.009228,568.6115,568.268483,567.983333,567.758707,567.596719,567.498904,567.466195,567.498904,567.596719,567.758707,567.983333,568.268483,568.6115,569.009228,569.45806,569.953991,570.492676,571.069486,571.679573,572.31792,572.979406,573.658853,574.351084,575.050971,575.753481,576.453724,577.146993,577.828807,578.494949,579.141505,579.764898,580.361924,580.929778,581.466088,581.96893,582.43685,582.868868,583.264486,583.62367,583.946837,584.234816,584.488808,584.710323,584.901115,585.063099,585.198264,585.308585,585.395927,585.461957,585.508066,585.535298,585.544302
580.77737,580.771401,580.753237,580.722117,580.676812,580.615682,580.536749,580.437789,580.316427,580.170239,579.996855,579.794054,579.559853,579.292585,578.990964,578.654137,578.281717,577.873815,577.431043,576.954521,576.445865,575.907173,575.340998,574.750323,574.138526,573.509348,572.866851,572.215381,571.559528,570.904078,570.253973,569.614261,568.990048,568.386449,567.808529,567.261254,566.749429,566.277641,565.850198,565.471075,565.143849,564.871653,564.657123,564.502358,564.408882,564.37762,564.408882,564.502358,564.657123,564.871653,565.143849,565.471075,565.850198,566.277641,566.749429,567.261254,567.808529,568.386449,568.990048,569.614261,570.253973,570.904078,571.559528,572.215381,572.866851,573.509348,574.138526,574.750323,575.340998,575.907173,576.445865,576.954521,577.431043,577.873815,578.281717,578.654137,578.990964,579.292585,579.559853,579.794054,579.996855,580.170239,580.316427,580.437789,580.536749,580.615682,580.676812,580.722117,580.753237,580.771401,580.77737
576.067585,576.064588,576.055301,576.038855,576.013838,575.978367,575.930161,575.866643,575.785045,575.68252,575.55625,575.403558,575.221999,575.009451,574.764182,574.48491,574.170841,573.821702,573.43775,573.019778,572.569103,572.08755,571.57743,571.041507,570.482966,569.905378,569.312652,568.709004,568.098905,567.48704,566.878259,566.277533,565.689896,565.1204,564.574056,564.055777,563.570325,563.122244,562.715809,562.354959,562.043244,561.783773,561.579162,561.431493,561.342279,561.312438,561.342279,561.431493,561.579162,561.783773,562.043244,562.354959,562.715809,563.122244,563.570325,564.055777,564.574056,565.1204,565.689896,566.277533,566.878259,567.48704,568.098905,568.709004,569.312652,569.905378,570.482966,571.041507,571.57743,572.08755,572.569103,573.019778,573.43775,573.821702,574.170841,574.48491,574.764182,575.009451,575.221999,575.403558,575.55625,575.68252,575.785045,575.866643,575.930161,575.978367,576.013838,576.038855,576.055301,576.064588,576.067585
571.437219,571.437114,571.436467,571.434299,571.429026,571.418524,571.400218,571.371188,571.328283,571.268243,571.187818,571.083885,570.953553,570.794253,570.603823,570.380562,570.123284,569.831342,569.504649,569.143679,568.749457,568.323548,567.868023,567.385436,566.878784,566.351468,565.807254,565.250225,564.684738,564.115378,563.546908,562.984217,562.432271,561.896059,561.380537,560.890567,560.430866,560.005938,559.620019,559.277018,558.980456,558.733416,558.538496,558.39776,558.312711,558.284259,558.312711,558.39776,558.538496,558.733416,558.980456,559.277018,559.620019,560.005938,560.430866,560.890567,561.380537,561.896059,562.432271,562.984217,563.546908,564.115378,564.684738,565.250225,565.807254,566.351468,566.878784,567.385436,567.868023,568.323548,568.749457,569.143679,569.504649,569.831342,570.123284,570.380562,570.603823,570.794253,570.953553,571.083885,571.187818,571.268243,571.328283,571.371188,571.400218,571.418524,571.429026,571.434299,571.436467,571.437114,571.437219
566.907845,566.910536,566.918244,566.929885,566.943705,566.957349,566.967958,566.972279,566.966791,566.947835,566.911744,566.854963,566.774169,566.666365,566.528971,566.359886,566.15754,565.920929,565.649633,565.343818,565.00423,564.632178,564.229506,563.798562,563.34216,562.863542,562.366328,561.854475,561.332231,560.80408,560.274698,559.748898,559.231577,558.727662,558.242052,557.779561,557.34486,556.942412,556.576418,556.250752,555.968907,555.733944,555.548438,555.414438,555.333435,555.306333,555.333435,555.414438,555.548438,555.733944,555.968907,556.250752,556.576418,556.942412,557.34486,557.779561,558.242052,558.727662,559.231577,559.748898,560.274698,560.80408,561.332231,561.854475,562.366328,562.863542,563.34216,563.798562,564.229506,564.632178,565.00423,565.343818,565.649633,565.920929,566.15754,566.359886,566.528971,566.666365,566.774169,566.854963,566.911744,566.947835,566.966791,566.972279,566.967958,566.957349,566.943705,566.929885,566.918244,566.910536,566.907845
562.500249,562.505627,562.521362,562.546269,562.578432,562.615274,562.65366,562.690021,562.720478,562.740992,562.74749,562.736008,562.702807,562.644479,562.558044,562.441015,562.291459,562.108027,561.889979,561.637188,561.350132,561.029875,560.678041,560.296783,559.888739,559.456993,559.005029,558.536682,558.056091,557.567645,557.075934,556.585696,556.10176,555.628991,555.172235,554.736257,554.32568,553.94493,553.598168,553.289238,553.021605,552.798303,552.621888,552.494394,552.417299,552.3915,552.417299,552.494394,552.621888,552.798303,553.021605,553.289238,553.598168,553.94493,554.32568,554.736257,555.172235,555.628991,556.10176,556.585696,557.075934,557.567645,558.056091,558.536682,559.005029,559.456993,559.888739,560.296783,560.678041,561.029875,561.350132,561.637188,561.889979,562.108027,562.291459,562.441015,562.558044,562.644479,562.702807,562.736008,562.74749,562.740992,562.720478,562.690021,562.65366,562.615274,562.578432,562.546269,562.521362,562.505627,562.500249
558.234359,558.2423,558.265692,558.303254,558.352915,558.411885,558.47677,558.543692,558.608439,558.666601,558.713727,558.745458,558.757659,558.746533,558.708717,558.641361,558.542181,558.409503,558.242284,558.040117,557.803224,557.532436,557.22917,556.895389,556.533564,556.146631,555.737941,555.311212,554.870476,554.420033,553.964388,553.508206,553.05625,552.613325,552.184223,551.77366,551.386215,551.026298,550.697985,550.40511,550.151112,549.939,549.77131,549.650059,549.576714,549.552166,549.576714,549.650059,549.77131,549.939,550.151112,550.40511,550.697985,551.026298,551.386215,551.77366,552.184223,552.613325,553.05625,553.508206,553.964388,554.420033,554.870476,555.311212,555.737941,556.146631,556.533564,556.895389,557.22917,557.532436,557.803224,558.040117,558.242284,558.409503,558.542181,558.641361,558.708717,558.746533,558.757659,558.745458,558.713727,558.666601,558.608439,558.543692,558.47677,558.411885,558.352915,558.303254,558.265692,558.2423,558.234359
554.129178,554.139545,554.170184,554.219727,554.28595,554.365867,554.455833,554.551685,554.648887,554.742688,554.828271,554.900908,554.95609,554.989652,554.99787,554.977549,554.926078,554.841475,554.722409,554.568211,554.378859,554.154968,553.897754,553.609005,553.291033,552.94663,552.579023,552.191816,551.788943,551.374612,550.953252,550.52948,550.107942,549.693413,549.290631,548.904262,548.538843,548.198719,547.88798,547.610403,547.369399,547.167952,547.008578,546.893279,546.82351,546.800155,546.82351,546.893279,547.008578,547.167952,547.369399,547.610403,547.88798,548.198719,548.538843,548.904262,549.290631,549.693413,550.107942,550.52948,550.953252,551.374612,551.788943,552.191816,552.579023,552.94663,553.291033,553.609005,553.897754,554.154968,554.378859,554.568211,554.722409,554.841475,554.926078,554.977549,554.99787,554.989652,554.95609,554.900908,554.828271,554.742688,554.648887,554.551685,554.455833,554.365867,554.28595,554.219727,554.170184,554.139545,554.129178
550.20275,550.215395,550.252836,550.313621,550.395389,550.494963,550.608468,550.731469,550.859131,550.986378,551.108055,551.219086,551.314611,551.390122,551.441558,551.465373,551.458704,551.419255,551.345426,551.236302,551.091635,550.911834,550.697958,550.451574,550.174869,549.870506,549.541588,549.191615,548.824426,548.444143,548.055119,547.661876,547.269049,546.881331,546.503407,546.139898,545.795296,545.473906,545.179784,544.916676,544.687962,544.496606,544.3451,544.235433,544.169048,544.146821,544.169048,544.235433,544.3451,544.496606,544.687962,544.916676,545.179784,545.473906,545.795296,546.139898,546.503407,546.881331,547.269049,547.661876,548.055119,548.444143,548.824426,549.191615,549.541588,549.870506,550.174869,550.451574,550.697958,550.911834,551.091635,551.236302,551.345426,551.419255,551.458704,551.465373,551.441558,551.390122,551.314611,551.219086,551.108055,550.986378,550.859131,550.731469,550.608468,550.494963,550.395389,550.313621,550.252836,550.215395,550.20275
546.472018,546.486778,546.530542,546.601775,546.69799,546.815834,546.951215,547.099449,547.25542,547.413753,547.568978,547.715696,547.848725,547.963235,548.054856,548.119768,548.154772,548.157332,548.125601,548.058433,547.955374,547.816641,547.643095,547.4362,547.197979,546.930967,546.638159,546.322952,545.989097,545.640634,545.281842,544.917179,544.551219,544.188599,543.833955,543.49186,543.166766,542.862939,542.584399,542.334861,542.117678,541.935789,541.791668,541.687286,541.624077,541.60291,541.624077,541.687286,541.791668,541.935789,542.117678,542.334861,542.584399,542.862939,543.166766,543.49186,543.833955,544.188599,544.551219,544.917179,545.281842,545.640634,545.989097,546.322952,546.638159,546.930967,547.197979,547.4362,547.643095,547.816641,547.955374,548.058433,548.125601,548.157332,548.154772,548.119768,548.054856,547.963235,547.848725,547.715696,547.568978,547.413753,547.25542,547.099449,546.951215,546.815834,546.69799,546.601775,546.530542,546.486778,546.472018
542.952931,542.969636,543.019209,543.100045,543.209536,543.344169,543.499654,543.671077,543.853065,544.039967,544.226027,544.405548,544.573053,544.723419,544.851992,544.954678,545.028019,545.069235,545.076254,545.047719,544.982986,544.882098,544.745756,544.575283,544.372573,544.140046,543.880592,543.597516,543.294483,542.975459,542.644653,542.306457,541.965392,541.626039,541.292986,540.970761,540.663775,540.376256,540.11219,539.87526,539.668794,539.495706,539.35845,539.258984,539.198729,539.178547,539.198729,539.258984,539.35845,539.495706,539.668794,539.87526,540.11219,540.376256,540.663775,540.970761,541.292986,541.626039,541.965392,542.306457,542.644653,542.975459,543.294483,543.597516,543.880592,544.140046,544.372573,544.575283,544.745756,544.882098,544.982986,545.047719,545.076254,545.069235,545.028019,544.954678,544.851992,544.723419,544.573053,544.405548,544.226027,544.039967,543.853065,543.671077,543.499654,543.344169,543.209536,543.100045,543.019209,542.969636,542.952931
539.660311,539.678779,539.73362,539.823163,539.944692,540.094549,540.268264,540.460713,540.666294,540.879106,541.09313,541.302406,541.501187,541.684087,541.846195,541.983171,542.091323,542.167652,542.20988,542.216466,542.186589,542.120136,542.017666,541.88037,541.710027,541.508951,541.279936,541.026201,540.751332,540.459225,540.154023,539.840059,539.521798,539.203771,538.890519,538.586527,538.296165,538.023624,537.772856,537.547516,537.350903,537.185908,537.054969,536.960025,536.902487,536.883212,536.902487,536.960025,537.054969,537.185908,537.350903,537.547516,537.772856,538.023624,538.296165,538.586527,538.890519,539.203771,539.521798,539.840059,540.154023,540.459225,540.751332,541.026201,541.279936,541.508951,541.710027,541.88037,542.017666,542.120136,542.186589,542.216466,542.20988,542.167652,542.091323,541.983171,541.846195,541.684087,541.501187,541.302406,541.09313,540.879106,540.666294,540.460713,540.268264,540.094549,539.944692,539.823163,539.73362,539.678779,539.660311
536.607848,536.627889,536.68743,536.784739,536.917007,537.080444,537.270421,537.481628,537.708258,537.944187,538.183165,538.418995,538.645695,538.857642,539.049699,539.217309,539.356571,539.464294,539.53802,539.576038,539.577376,539.541781,539.469683,539.362158,539.220881,539.048069,538.84643,538.619105,538.369608,538.101768,537.819668,537.527585,537.229931,536.93119,536.635856,536.348374,536.073073,535.814111,535.575405,535.360582,535.172913,535.015268,534.890065,534.799229,534.74416,534.725709,534.74416,534.799229,534.890065,535.015268,535.172913,535.360582,535.575405,535.814111,536.073073,536.348374,536.635856,536.93119,537.229931,537.527585,537.819668,538.101768,538.369608,538.619105,538.84643,539.048069,539.220881,539.362158,539.469683,539.541781,539.577376,539.576038,539.53802,539.464294,539.356571,539.217309,539.049699,538.857642,538.645695,538.418995,538.183165,537.944187,537.708258,537.481628,537.270421,537.080444,536.917007,536.784739,536.68743,536.627889,536.607848
533.808084,533.8295,533.893146,533.997241,534.138891,534.314194,534.51838,534.745979,534.991003,535.247137,535.507929,535.766977,536.018093,536.255452,536.473719,536.668151,536.834667,536.969907,537.071257,537.136863,537.16562,537.15715,537.111776,537.03047,536.914814,536.766942,536.589485,536.385511,536.158471,535.912131,535.65052,535.377863,535.098522,534.816934,534.537553,534.26478,534.00291,533.756063,533.528128,533.322699,533.143025,532.991952,532.87188,532.78472,532.731861,532.714147,532.731861,532.78472,532.87188,532.991952,533.143025,533.322699,533.528128,533.756063,534.00291,534.26478,534.537553,534.816934,535.098522,535.377863,535.65052,535.912131,536.158471,536.385511,536.589485,536.766942,536.914814,537.03047,537.111776,537.15715,537.16562,537.136863,537.071257,536.969907,536.834667,536.668151,536.473719,536.255452,536.018093,535.766977,535.507929,535.247137,534.991003,534.745979,534.51838,534.314194,534.138891,533.997241,533.893146,533.8295,533.808084
531.272395,531.294979,531.362115,531.471978,531.621603,531.806992,532.023258,532.264794,532.525459,532.798777,533.078126,533.356932,533.628832,533.887834,534.128436,534.345737,534.535507,534.694245,534.819206,534.908414,534.960651,534.975439,534.953004,534.894233,534.800627,534.674247,534.517657,534.333862,534.126253,533.898545,533.654712,533.398932,533.135521,532.868874,532.603402,532.343471,532.093337,531.857087,531.638579,531.441381,531.268714,531.123406,531.007836,530.923902,530.872983,530.855916,530.872983,530.923902,531.007836,531.123406,531.268714,531.441381,531.638579,531.857087,532.093337,532.343471,532.603402,532.868874,533.135521,533.398932,533.654712,533.898545,534.126253,534.333862,534.517657,534.674247,534.800627,534.894233,534.953004,534.975439,534.960651,534.908414,534.819206,534.694245,534.535507,534.345737,534.128436,533.887834,533.628832,533.356932,533.078126,532.798777,532.525459,532.264794,532.023258,531.806992,531.621603,531.471978,531.362115,531.294979,531.272395
529.010976,529.034515,529.104505,529.219085,529.375233,529.568872,529.79502,530.047958,530.321423,530.608807,530.903353,531.198345,531.487284,531.76404,532.022978,532.259071,532.467969,532.646059,532.79049,532.899188,532.970846,533.004901,533.001502,532.961465,532.886224,532.777779,532.638636,532.471745,532.280447,532.068407,531.839553,531.598019,531.34808,531.094089,530.840418,530.591398,530.351249,530.124028,529.913561,529.723389,529.556711,529.416332,529.304615,529.223442,529.174184,529.157672,529.174184,529.223442,529.304615,529.416332,529.556711,529.723389,529.913561,530.124028,530.351249,530.591398,530.840418,531.094089,531.34808,531.598019,531.839553,532.068407,532.280447,532.471745,532.638636,532.777779,532.886224,532.961465,533.001502,533.004901,532.970846,532.899188,532.79049,532.646059,532.467969,532.259071,532.022978,531.76404,531.487284,531.198345,530.903353,530.608807,530.321423,530.047958,529.79502,529.568872,529.375233,529.219085,529.104505,529.034515,529.010976
527.032836,527.057112,527.129302,527.247519,527.408696,527.608698,527.842468,528.104204,528.38755,528.685798,528.992087,529.299599,529.601728,529.892243,530.165411,530.41611,530.6399,530.833084,530.992734,531.116701,531.203611,531.252836,531.264465,531.239259,531.178601,531.084438,530.959229,530.80588,530.627687,530.428271,530.211522,529.981532,529.742537,529.498854,529.254818,529.014725,528.782763,528.562957,528.359106,528.174724,528.012987,527.876679,527.768146,527.689258,527.641375,527.625321,527.641375,527.689258,527.768146,527.876679,528.012987,528.174724,528.359106,528.562957,528.782763,529.014725,529.254818,529.498854,529.742537,529.981532,530.211522,530.428271,530.627687,530.80588,530.959229,531.084438,531.178601,531.239259,531.264465,531.252836,531.203611,531.116701,530.992734,530.833084,530.6399,530.41611,530.165411,529.892243,529.601728,529.299599,528.992087,528.685798,528.38755,528.104204,527.842468,527.608698,527.408696,527.247519,527.129302,527.057112,527.032836
525.34579,525.370578,525.444298,525.565047,525.729725,525.934157,526.173238,526.441107,526.731346,527.03718,527.351682,527.66796,527.979344,528.279533,528.562731,528.823754,529.058105,529.262031,529.432553,529.567474,529.665372,529.725578,529.748139,529.733776,529.683831,529.600216,529.48535,529.342105,529.173738,528.983837,528.776252,528.555042,528.324407,528.08863,527.852013,527.618817,527.393202,527.179163,526.98047,526.800612,526.642744,526.509628,526.403596,526.326504,526.279702,526.26401,526.279702,526.326504,526.403596,526.509628,526.642744,526.800612,526.98047,527.179163,527.393202,527.618817,527.852013,528.08863,528.324407,528.555042,528.776252,528.983837,529.173738,529.342105,529.48535,529.600216,529.683831,529.733776,529.748139,529.725578,529.665372,529.567474,529.432553,529.262031,529.058105,528.823754,528.562731,528.279533,527.979344,527.66796,527.351682,527.03718,526.731346,526.441107,526.173238,525.934157,525.729725,525.565047,525.444298,525.370578,525.34579
523.956452,523.981524,524.056094,524.178245,524.344866,524.551759,524.793792,525.065077,525.359164,525.669244,525.988357,526.309579,526.626206,526.931907,527.220857,527.487843,527.728342,527.938577,528.115545,528.257024,528.361571,528.428493,528.457814,528.45023,528.407061,528.33019,528.222013,528.08537,527.923492,527.739935,527.538521,527.323277,527.09837,526.868053,526.636597,526.408233,526.187091,525.977137,525.782116,525.605494,525.450401,525.319584,525.215357,525.139563,525.093544,525.078113,525.093544,525.139563,525.215357,525.319584,525.450401,525.605494,525.782116,525.977137,526.187091,526.408233,526.636597,526.868053,527.09837,527.323277,527.538521,527.739935,527.923492,528.08537,528.222013,528.33019,528.407061,528.45023,528.457814,528.428493,528.361571,528.257024,528.115545,527.938577,527.728342,527.487843,527.220857,526.931907,526.626206,526.309579,525.988357,525.669244,525.359164,525.065077,524.793792,524.551759,524.344866,524.178245,524.056094,523.981524,523.956452
522.870239,522.895363,522.970088,523.092497,523.259477,523.466828,523.709418,523.981359,524.276199,524.587133,524.907201,525.229484,525.547281,525.854269,526.144627,526.413149,526.655319,526.867364,527.046285,527.189863,527.296656,527.365967,527.397815,527.392891,527.352502,527.278519,527.173321,527.039729,526.880954,526.700528,526.502248,526.290114,526.068266,525.840928,525.612343,525.386714,525.168142,524.960569,524.767714,524.593019,524.439595,524.310168,524.207039,524.132039,524.086499,524.071228,524.086499,524.132039,524.207039,524.310168,524.439595,524.593019,524.767714,524.960569,525.168142,525.386714,525.612343,525.840928,526.068266,526.290114,526.502248,526.700528,526.880954,527.039729,527.173321,527.278519,527.352502,527.392891,527.397815,527.365967,527.296656,527.189863,527.046285,526.867364,526.655319,526.413149,526.144627,525.854269,525.547281,525.229484,524.907201,524.587133,524.276199,523.981359,523.709418,523.466828,523.259477,523.092497,522.970088,522.895363,522.870239
522.091364,522.116304,522.190481,522.311987,522.477722,522.683504,522.924227,523.194027,523.486489,523.794841,524.112163,524.431577,524.746424,525.050422,525.337795,525.603376,525.842687,526.051993,526.228325,526.369494,526.474079,526.541405,526.571504,526.565074,526.523427,526.448433,526.342466,526.208337,526.049244,525.868701,525.670485,525.458575,525.237089,525.010222,524.782194,524.557181,524.33926,524.132344,523.940131,523.766042,523.613166,523.484213,523.381468,523.30675,523.261383,523.246171,523.261383,523.30675,523.381468,523.484213,523.613166,523.766042,523.940131,524.132344,524.33926,524.557181,524.782194,525.010222,525.237089,525.458575,525.670485,525.868701,526.049244,526.208337,526.342466,526.448433,526.523427,526.565074,526.571504,526.541405,526.474079,526.369494,526.228325,526.051993,525.842687,525.603376,525.337795,525.050422,524.746424,524.431577,524.112163,523.794841,523.486489,523.194027,522.924227,522.683504,522.477722,522.311987,522.190481,522.116304,522.091364
521.622834,521.647354,521.720275,521.839706,522.002575,522.204743,522.441148,522.705988,522.99291,523.295215,523.606057,523.918637,524.226377,524.523074,524.80303,525.061155,525.293043,525.495023,525.664189,525.798405,525.896297,525.957231,525.981271,525.969139,525.922168,525.842238,525.731726,525.593447,525.430589,525.246658,525.045418,524.830828,524.606985,524.378066,524.148265,523.921735,523.702528,523.494536,523.301432,523.126617,522.973162,522.843759,522.740679,522.66573,522.620228,522.604971,522.620228,522.66573,522.740679,522.843759,522.973162,523.126617,523.301432,523.494536,523.702528,523.921735,524.148265,524.378066,524.606985,524.830828,525.045418,525.246658,525.430589,525.593447,525.731726,525.842238,525.922168,525.969139,525.981271,525.957231,525.896297,525.798405,525.664189,525.495023,525.293043,525.061155,524.80303,524.523074,524.226377,523.918637,523.606057,523.295215,522.99291,522.705988,522.441148,522.204743,522.002575,521.839706,521.720275,521.647354,521.622834
521.466457,521.490317,521.561267,521.677444,521.835819,522.032312,522.261937,522.518978,522.79718,523.089951,523.390558,523.692317,523.98877,524.273831,524.541918,524.78805,525.007926,525.197973,525.355374,525.478073,525.564769,525.614885,525.628538,525.606494,525.550116,525.461308,525.342465,525.196408,525.026329,524.835729,524.628362,524.408177,524.179254,523.94575,523.711838,523.481651,523.259218,523.048409,522.852876,522.676001,522.520834,522.390055,522.285919,522.210224,522.164277,522.148873,522.164277,522.210224,522.285919,522.390055,522.520834,522.676001,522.852876,523.048409,523.259218,523.481651,523.711838,523.94575,524.179254,524.408177,524.628362,524.835729,525.026329,525.196408,525.342465,525.461308,525.550116,525.606494,525.628538,525.614885,525.564769,525.478073,525.355374,525.197973,525.007926,524.78805,524.541918,524.273831,523.98877,523.692317,523.390558,523.089951,522.79718,522.518978,522.261937,522.032312,521.835819,521.677444,521.561267,521.490317,521.466457
521.622834,521.645795,521.714058,521.825797,521.978043,522.166795,522.387168,522.633563,522.899856,523.179597,523.466203,523.753146,524.034123,524.303204,524.554958,524.784551,524.98782,525.16132,525.302352,525.408966,525.479955,525.514825,525.513763,525.477592,525.407722,525.306095,525.175131,525.017669,524.836911,524.63636,524.419769,524.191074,523.954345,523.713724,523.473366,523.237382,523.009783,522.794418,522.594919,522.414648,522.256641,522.123559,522.017646,521.940689,521.893989,521.878334,521.893989,521.940689,522.017646,522.123559,522.256641,522.414648,522.594919,522.794418,523.009783,523.237382,523.473366,523.713724,523.954345,524.191074,524.419769,524.63636,524.836911,525.017669,525.175131,525.306095,525.407722,525.477592,525.513763,525.514825,525.479955,525.408966,525.302352,525.16132,524.98782,524.784551,524.554958,524.303204,524.034123,523.753146,523.466203,523.179597,522.899856,522.633563,522.387168,522.166795,521.978043,521.825797,521.714058,521.645795,521.622834
522.091364,522.113184,522.178045,522.284162,522.428643,522.607589,522.816239,523.049141,523.300337,523.563553,523.832395,524.100528,524.361843,524.610604,524.841569,525.050084,525.232158,525.384505,525.504572,525.590542,525.641325,525.65653,525.636434,525.581934,525.4945,525.376124,525.229263,525.056782,524.861899,524.648128,524.419221,524.179114,523.931866,523.681606,523.432473,523.188563,522.953865,522.732212,522.527216,522.342221,522.180247,522.043941,521.935533,521.856802,521.80904,521.793031,521.80904,521.856802,521.935533,522.043941,522.180247,522.342221,522.527216,522.732212,522.953865,523.188563,523.432473,523.681606,523.931866,524.179114,524.419221,524.648128,524.861899,525.056782,525.229263,525.376124,525.4945,525.581934,525.636434,525.65653,525.641325,525.590542,525.504572,525.384505,525.232158,525.050084,524.841569,524.610604,524.361843,524.100528,523.832395,523.563553,523.300337,523.049141,522.816239,522.607589,522.428643,522.284162,522.178045,522.113184,522.091364
522.870239,522.890681,522.951424,523.050741,523.185827,523.352905,523.547369,523.763942,523.996863,524.240073,524.487401,524.732745,524.970229,525.19435,525.400088,525.583007,525.73932,525.865931,525.960461,526.021252,526.047356,526.038505,525.995082,525.918076,525.809032,525.670003,525.503492,525.312401,525.099972,524.869734,524.625447,524.371045,524.110584,523.848181,523.587965,523.334013,523.0903,522.860639,522.648627,522.45759,522.290532,522.150086,522.038472,521.957457,521.908328,521.891864,521.908328,521.957457,522.038472,522.150086,522.290532,522.45759,522.648627,522.860639,523.0903,523.334013,523.587965,523.848181,524.110584,524.371045,524.625447,524.869734,525.099972,525.312401,525.503492,525.670003,525.809032,525.918076,525.995082,526.038505,526.047356,526.021252,525.960461,525.865931,525.73932,525.583007,525.400088,525.19435,524.970229,524.732745,524.487401,524.240073,523.996863,523.763942,523.547369,523.352905,523.185827,523.050741,522.951424,522.890681,522.870239
523.956452,523.975278,524.031194,524.122536,524.246607,524.399773,524.577603,524.775029,524.986519,525.206264,525.428356,525.646961,525.856478,526.051668,526.227777,526.380618,526.506641,526.602971,526.667432,526.698551,526.695541,526.658282,526.587281,526.483632,526.348972,526.185424,525.995551,525.782297,525.548936,525.299019,525.036317,524.764771,524.488431,524.211411,523.937827,523.671743,523.417119,523.177752,522.957222,522.75884,522.585594,522.440104,522.32458,522.240779,522.18998,522.17296,522.18998,522.240779,522.32458,522.440104,522.585594,522.75884,522.957222,523.177752,523.417119,523.671743,523.937827,524.211411,524.488431,524.764771,525.036317,525.299019,525.548936,525.782297,525.995551,526.185424,526.348972,526.483632,526.587281,526.658282,526.695541,526.698551,526.667432,526.602971,526.506641,526.380618,526.227777,526.051668,525.856478,525.646961,525.428356,525.206264,524.986519,524.775029,524.577603,524.399773,524.246607,524.122536,524.031194,523.975278,523.956452
525.34579,525.362764,525.413149,525.495357,525.606809,525.744036,525.902809,526.078297,526.265233,526.458091,526.651263,526.839224,527.016679,527.178698,527.320825,527.439157,527.530415,527.591973,527.621889,527.618896,527.582395,527.512431,527.409655,527.275283,527.111054,526.919176,526.702277,526.463357,526.205727,525.932965,525.64886,525.35736,525.062518,524.768442,524.47924,524.198966,523.931565,523.680818,523.450292,523.243281,523.06276,522.911337,522.791209,522.704126,522.651361,522.633686,522.651361,522.704126,522.791209,522.911337,523.06276,523.243281,523.450292,523.680818,523.931565,524.198966,524.47924,524.768442,525.062518,525.35736,525.64886,525.932965,526.205727,526.463357,526.702277,526.919176,527.111054,527.275283,527.409655,527.512431,527.582395,527.618896,527.621889,527.591973,527.530415,527.439157,527.320825,527.178698,527.016679,526.839224,526.651263,526.458091,526.265233,526.078297,525.902809,525.744036,525.606809,525.495357,525.413149,525.362764,525.34579
527.032836,527.047727,527.091889,527.163816,527.261067,527.380356,527.517683,527.668483,527.827783,527.99038,528.151001,528.304465,528.445826,528.570497,528.674353,528.753813,528.805898,528.828266,528.819229,528.777757,528.70346,528.596567,528.45789,528.288783,528.091101,527.867146,527.619626,527.351599,527.066424,526.767709,526.459267,526.145057,525.829136,525.515613,525.208587,524.912103,524.630094,524.366327,524.124354,523.907456,523.718595,523.560365,523.434955,523.344105,523.289082,523.270655,523.289082,523.344105,523.434955,523.560365,523.718595,523.907456,524.124354,524.366327,524.630094,524.912103,525.208587,525.515613,525.829136,526.145057,526.459267,526.767709,527.066424,527.351599,527.619626,527.867146,528.091101,528.288783,528.45789,528.596567,528.70346,528.777757,528.819229,528.828266,528.805898,528.753813,528.674353,528.570497,528.445826,528.304465,528.151001,527.99038,527.827783,527.668483,527.517683,527.380356,527.261067,527.163816,527.091889,527.047727,527.032836
529.010976,529.023554,529.060811,529.121334,529.202828,529.302216,529.41575,529.539158,529.667799,529.796821,529.921326,530.036513,530.137821,530.221042,530.282421,530.31873,530.327321,530.306165,530.253857,530.169627,530.053316,529.905357,529.72674,529.518971,529.284034,529.024339,528.74268,528.442182,528.126257,527.798552,527.462905,527.123291,526.783777,526.448469,526.121464,525.806799,525.508393,525.230004,524.975169,524.747156,524.548914,524.383026,524.25167,524.156579,524.099014,524.07974,524.099014,524.156579,524.25167,524.383026,524.548914,524.747156,524.975169,525.230004,525.508393,525.806799,526.121464,526.448469,526.783777,527.123291,527.462905,527.798552,528.126257,528.442182,528.74268,529.024339,529.284034,529.518971,529.72674,529.905357,530.053316,530.169627,530.253857,530.306165,530.327321,530.31873,530.282421,530.221042,530.137821,530.036513,529.921326,529.796821,529.667799,529.539158,529.41575,529.302216,529.202828,529.121334,529.060811,529.023554,529.010976
531.272395,531.282438,531.312124,531.360139,531.424357,531.501923,531.589367,531.682742,531.777764,531.869973,531.954876,532.028092,532.085478,532.123244,532.138037,532.127015,532.087895,532.018984,531.919193,531.78803,531.625592,531.432533,531.210038,530.959781,530.683887,530.384884,530.065659,529.729415,529.379623,529.019972,528.654331,528.286694,527.921139,527.561774,527.212695,526.877931,526.561392,526.266824,525.997752,525.75743,525.548795,525.374422,525.236476,525.136684,525.0763,525.056087,525.0763,525.136684,525.236476,525.374422,525.548795,525.75743,525.997752,526.266824,526.561392,526.877931,527.212695,527.561774,527.921139,528.286694,528.654331,529.019972,529.379623,529.729415,530.065659,530.384884,530.683887,530.959781,531.210038,531.432533,531.625592,531.78803,531.919193,532.018984,532.087895,532.127015,532.138037,532.123244,532.085478,532.028092,531.954876,531.869973,531.777764,531.682742,531.589367,531.501923,531.424357,531.360139,531.312124,531.282438,531.272395
533.808084,533.815375,533.83684,533.871277,533.916738,533.970612,534.029732,534.0905,534.149026,534.20127,534.24318,534.270831,534.280535,534.268952,534.233165,534.17075,534.07982,533.959048,533.807681,533.625534,533.412976,533.170904,532.900713,532.604258,532.283818,531.942047,531.581938,531.206777,530.820098,530.42564,530.027305,529.62911,529.235146,528.849527,528.476347,528.11963,527.783278,527.471026,527.186386,526.932601,526.712598,526.528938,526.383779,526.278841,526.215372,526.194131,526.215372,526.278841,526.383779,526.528938,526.712598,526.932601,527.186386,527.471026,527.783278,528.11963,528.476347,528.849527,529.235146,529.62911,530.027305,530.42564,530.820098,531.206777,531.581938,531.942047,532.283818,532.604258,532.900713,533.170904,533.412976,533.625534,533.807681,533.959048,534.07982,534.17075,534.233165,534.268952,534.280535,534.270831,534.24318,534.20127,534.149026,534.0905,534.029732,533.970612,533.916738,533.871277,533.83684,533.815375,533.808084
536.607848,536.612175,536.624791,536.644612,536.669882,536.698255,536.726888,536.75256,536.771803,536.781031,536.776669,536.755278,536.713662,536.648963,536.558735,536.441003,536.294302,536.117701,535.910807,535.673763,535.407233,535.112371,534.790801,534.444571,534.076124,533.688253,533.284063,532.866929,532.440455,532.008435,531.574807,531.143615,530.718964,530.304977,529.905747,529.525294,529.167514,528.836129,528.534643,528.266287,528.033975,527.840259,527.68729,527.576778,527.509967,527.487612,527.509967,527.576778,527.68729,527.840259,528.033975,528.266287,528.534643,528.836129,529.167514,529.525294,529.905747,530.304977,530.718964,531.143615,531.574807,532.008435,532.440455,532.866929,533.284063,533.688253,534.076124,534.444571,534.790801,535.112371,535.407233,535.673763,535.910807,536.117701,536.294302,536.441003,536.558735,536.648963,536.713662,536.755278,536.776669,536.781031,536.771803,536.75256,536.726888,536.698255,536.669882,536.644612,536.624791,536.612175,536.607848
539.660311,539.661473,539.664635,539.66884,539.672541,539.67367,539.669733,539.657915,539.635195,539.598473,539.544683,539.470908,539.374474,539.25304,539.10466,538.92784,538.721566,538.485325,538.219111,537.923418,537.599218,537.247947,536.871466,536.472032,536.052263,535.615099,535.163766,534.701734,534.232684,533.760466,533.289059,532.822537,532.365022,531.920644,531.493501,531.087609,530.706855,530.354956,530.035402,529.751414,529.505897,529.301391,529.140039,529.023544,528.953146,528.929596,528.953146,529.023544,529.140039,529.301391,529.505897,529.751414,530.035402,530.354956,530.706855,531.087609,531.493501,531.920644,532.365022,532.822537,533.289059,533.760466,534.232684,534.701734,535.163766,535.615099,536.052263,536.472032,536.871466,537.247947,537.599218,537.923418,538.219111,538.485325,538.721566,538.92784,539.10466,539.25304,539.374474,539.470908,539.544683,539.598473,539.635195,539.657915,539.669733,539.67367,539.672541,539.66884,539.664635,539.661473,539.660311
542.952931,542.950734,542.943865,542.9315,542.912312,542.884534,542.846038,542.79444,542.727196,542.641722,542.535492,542.40614,542.251549,542.069925,541.859854,541.620348,541.350872,541.051359,540.72221,540.364289,539.9789,539.567771,539.133017,538.677116,538.202871,537.713379,537.211991,536.702282,536.188011,535.67309,535.161543,534.657475,534.165027,533.688341,533.231517,532.798568,532.393377,532.01965,531.680869,531.380245,531.12067,530.904678,530.734401,530.611537,530.537318,530.512495,530.537318,530.611537,530.734401,530.904678,531.12067,531.380245,531.680869,532.01965,532.393377,532.798568,533.231517,533.688341,534.165027,534.657475,535.161543,535.67309,536.188011,536.702282,537.211991,537.713379,538.202871,538.677116,539.133017,539.567771,539.9789,540.364289,540.72221,541.051359,541.350872,541.620348,541.859854,542.069925,542.251549,542.40614,542.535492,542.641722,542.727196,542.79444,542.846038,542.884534,542.912312,542.9315,542.943865,542.950734,542.952931
546.472018,546.466279,546.448829,546.418989,546.375663,546.317399,546.242459,546.148911,546.034717,545.897835,545.736309,545.548357,545.332447,545.087361,544.812246,544.506649,544.17054,543.804318,543.408816,542.985285,542.53538,542.061134,541.564933,541.049484,540.517787,539.973101,539.418913,538.858905,538.296921,537.736937,537.183027,536.639326,536.109998,535.599197,535.111026,534.649498,534.21849,533.821701,533.462604,533.144397,532.869964,532.64183,532.462118,532.332518,532.254261,532.228092,532.254261,532.332518,532.462118,532.64183,532.869964,533.144397,533.462604,533.821701,534.21849,534.649498,535.111026,535.599197,536.109998,536.639326,537.183027,537.736937,538.296921,538.858905,539.418913,539.973101,540.517787,541.049484,541.564933,542.061134,542.53538,542.985285,543.408816,543.804318,544.17054,544.506649,544.812246,545.087361,545.332447,545.548357,545.736309,545.897835,546.034717,546.148911,546.242459,546.317399,546.375663,546.418989,546.448829,546.466279,546.472018
550.20275,550.193296,550.164752,550.116586,550.047948,549.957715,549.844561,549.707026,549.543603,549.35282,549.133319,548.883928,548.60373,548.292114,547.948811,547.573931,547.16797,546.73182,546.266762,545.774455,545.256918,544.716507,544.155888,543.57801,542.986078,542.383522,541.773968,541.161212,540.549187,539.941938,539.343587,538.758306,538.190282,537.64368,537.12261,536.631084,536.172975,535.751973,535.371541,535.03487,534.744834,534.503945,534.314322,534.177649,534.095149,534.067566,534.095149,534.177649,534.314322,534.503945,534.744834,535.03487,535.371541,535.751973,536.172975,536.631084,537.12261,537.64368,538.190282,538.758306,539.343587,539.941938,540.549187,541.161212,541.773968,542.383522,542.986078,543.57801,544.155888,544.716507,545.256918,545.774455,546.266762,546.73182,547.16797,547.573931,547.948811,548.292114,548.60373,548.883928,549.133319,549.35282,549.543603,549.707026,549.844561,549.957715,550.047948,550.116586,550.164752,550.193296,550.20275
554.129178,554.115848,554.075731,554.00845,553.913409,553.789832,553.636817,553.453403,553.238636,552.991637,552.711672,552.398209,552.05097,551.669976,551.255597,550.808473,550.329677,549.820614,549.283032,548.719016,548.130964,547.521567,546.893782,546.25081,545.59607,544.933168,544.265879,543.598113,542.933899,542.277351,541.632644,541.003986,540.395589,539.811633,539.256232,538.7334,538.247004,537.800727,537.398025,537.042077,536.735748,536.481543,536.281571,536.13751,536.050579,536.02152,536.050579,536.13751,536.281571,536.481543,536.735748,537.042077,537.398025,537.800727,538.247004,538.7334,539.256232,539.811633,540.395589,541.003986,541.632644,542.277351,542.933899,543.598113,544.265879,544.933168,545.59607,546.25081,546.893782,547.521567,548.130964,548.719016,549.283032,549.820614,550.329677,550.808473,551.255597,551.669976,552.05097,552.398209,552.711672,552.991637,553.238636,553.453403,553.636817,553.789832,553.913409,554.00845,554.075731,554.115848,554.129178
558.234359,558.217008,558.164879,558.077759,557.955316,557.797132,557.60275,557.371723,557.103673,556.798337,556.45563,556.075682,555.658881,555.205901,554.717724,554.195647,553.64129,553.056585,552.443768,551.805364,551.144162,550.463229,549.76577,549.055274,548.335379,547.609876,546.882691,546.157856,545.439495,544.731795,544.038988,543.365319,542.715024,542.092299,541.501266,540.945936,540.430175,539.957659,539.531833,539.15587,538.832622,538.564589,538.353869,538.202136,538.110604,538.080011,538.110604,538.202136,538.353869,538.564589,538.832622,539.15587,539.531833,539.957659,540.430175,540.945936,541.501266,542.092299,542.715024,543.365319,544.038988,544.731795,545.439495,546.157856,546.882691,547.609876,548.335379,549.055274,549.76577,550.463229,551.144162,551.805364,552.443768,553.056585,553.64129,554.195647,554.717724,555.205901,555.658881,556.075682,556.45563,556.798337,557.103673,557.371723,557.60275,557.797132,557.955316,558.077759,558.164879,558.217008,558.234359
562.500249,562.478743,562.414208,562.306597,562.15585,561.961922,561.724815,561.444614,561.121532,560.755949,560.348447,559.899841,559.411207,558.883896,558.319545,557.720079,557.087705,556.424904,555.734414,555.019212,554.282496,553.52766,552.758277,551.978076,551.190923,550.400797,549.611806,548.828056,548.053796,547.293288,546.550819,545.830675,545.137118,544.47436,543.846529,543.257638,542.711548,542.21193,541.762219,541.365579,541.024854,540.742533,540.52071,540.36105,540.264764,540.232587,540.264764,540.36105,540.52071,540.742533,541.024854,541.365579,541.762219,542.21193,542.711548,543.257638,543.846529,544.47436,545.137118,545.830675,546.550819,547.293288,548.053796,548.828056,549.611806,550.400797,551.190923,551.978076,552.758277,553.52766,554.282496,555.019212,555.734414,556.424904,557.087705,557.720079,558.319545,558.883896,559.411207,559.899841,560.348447,560.755949,561.121532,561.444614,561.724815,561.961922,562.15585,562.306597,562.414208,562.478743,562.500249
566.907845,566.882068,566.804778,566.676099,566.496255,566.26558,565.984548,565.653794,565.274141,564.846626,564.372519,563.853339,563.290871,562.68716,562.044519,561.365516,560.652966,559.90991,559.139602,558.345486,557.531174,556.70043,555.857146,555.005325,554.149066,553.292544,552.439998,551.595716,550.764021,549.949253,549.155782,548.387883,547.649871,546.945972,546.280324,545.656941,545.079679,544.552203,544.077941,543.660046,543.301354,543.004346,542.771107,542.603298,542.502124,542.468317,542.502124,542.603298,542.771107,543.004346,543.301354,543.660046,544.077941,544.552203,545.079679,545.656941,546.280324,546.945972,547.649871,548.387883,549.155782,549.949253,550.764021,551.595716,552.439998,553.292544,554.149066,555.005325,555.857146,556.70043,557.531174,558.345486,559.139602,559.90991,560.652966,561.365516,562.044519,562.68716,563.290871,563.853339,564.372519,564.846626,565.274141,565.653794,565.984548,566.26558,566.496255,566.676099,566.804778,566.882068,566.907845
571.437219,571.407071,571.316727,571.166487,570.956863,570.688581,570.362598,569.98011,569.542565,569.051673,568.509409,567.918015,567.279997,566.598115,565.875373,565.114997,564.320422,563.495264,562.643305,561.768465,560.874782,559.966396,559.047524,558.122451,557.195513,556.271083,555.353564,554.447373,553.556936,552.686673,551.840986,551.024243,550.240761,549.49481,548.790479,548.131811,547.522662,546.966686,546.467306,546.027665,545.65059,545.338554,545.093635,544.917486,544.811311,544.775838,544.811311,544.917486,545.093635,545.338554,545.65059,546.027665,546.467306,546.966686,547.522662,548.131811,548.790479,549.49481,550.240761,551.024243,551.840986,552.686673,553.556936,554.447373,555.353564,556.271083,557.195513,558.122451,559.047524,559.966396,560.874782,561.768465,562.643305,563.495264,564.320422,565.114997,565.875373,566.598115,567.279997,567.918015,568.509409,569.051673,569.542565,569.98011,570.362598,570.688581,570.956863,571.166487,571.316727,571.407071,571.437219
576.067585,576.032983,575.929338,575.757131,575.517166,575.210569,574.838788,574.403592,573.907067,573.351609,572.739912,572.074952,571.359975,570.598466,569.794133,568.950874,568.072755,567.163979,566.228865,565.271818,564.297309,563.309859,562.31402,561.31436,560.315456,559.321885,558.338212,557.368989,556.418745,555.49198,554.593156,553.726682,552.896903,552.108078,551.36436,550.669764,550.028144,549.443173,548.918214,548.456426,548.06063,547.733288,547.476472,547.29183,547.18056,547.143389,547.18056,547.29183,547.476472,547.733288,548.06063,548.456426,548.918214,549.443173,550.028144,550.669764,551.36436,552.108078,552.896903,553.726682,554.593156,555.49198,556.418745,557.368989,558.338212,559.321885,560.315456,561.31436,562.31402,563.309859,564.297309,565.271818,566.228865,567.163979,568.072755,568.950874,569.794133,570.598466,571.359975,572.074952,572.739912,573.351609,573.907067,574.403592,574.838788,575.210569,575.517166,575.757131,575.929338,576.032983,576.067585
580.77737,580.73825,580.621114,580.426625,580.155885,579.810424,579.39219,578.903533,578.347187,577.726242,577.044123,576.304553,575.511525,574.669263,573.782188,572.85488,571.892046,570.898484,569.879056,568.83866,567.782206,566.714601,565.640734,564.565464,563.49361,562.429952,561.379223,560.346108,559.335243,558.351208,557.398523,556.48164,555.604933,554.772678,553.989033,553.258018,552.58348,551.969063,551.418172,550.933932,550.519156,550.176296,549.907419,549.714166,549.597731,549.558839,549.597731,549.714166,549.907419,550.176296,550.519156,550.933932,551.418172,551.969063,552.58348,553.258018,553.989033,554.772678,555.604933,556.48164,557.398523,558.351208,559.335243,560.346108,561.379223,562.429952,563.49361,564.565464,565.640734,566.714601,567.782206,568.83866,569.879056,570.898484,571.892046,572.85488,573.782188,574.669263,575.511525,576.304553,577.044123,577.726242,578.347187,578.903533,579.39219,579.810424,580.155885,580.426625,580.621114,580.73825,580.77737
585.544302,585.50062,585.369861,585.152871,584.851054,584.466347,584.001205,583.458565,582.841812,582.154741,581.401514,580.586609,579.714774,578.790978,577.820365,576.808202,575.759844,574.68069,573.57615,572.451619,571.312451,570.163944,569.011325,567.859743,566.714266,565.579877,564.461478,563.363889,562.291849,561.250021,560.242985,559.275236,558.351173,557.47509,556.651155,555.883386,555.175629,554.531521,553.954458,553.447559,553.013625,552.655104,552.374053,552.172108,552.05046,552.00983,552.05046,552.172108,552.374053,552.655104,553.013625,553.447559,553.954458,554.531521,555.175629,555.883386,556.651155,557.47509,558.351173,559.275236,560.242985,561.250021,562.291849,563.363889,564.461478,565.579877,566.714266,567.859743,569.011325,570.163944,571.312451,572.451619,573.57615,574.68069,575.759844,576.808202,577.820365,578.790978,579.714774,580.586609,581.401514,582.154741,582.841812,583.458565,584.001205,584.466347,584.851054,585.152871,585.369861,585.50062,585.544302
590.345502,590.297235,590.15278,589.913171,589.580112,589.155954,588.643656,588.046748,587.369271,586.615729,585.791022,584.900389,583.949338,582.943589,581.889008,580.791558,579.657243,578.492066,577.30199,576.092909,574.870622,573.64082,572.409069,571.180812,569.961363,568.755912,567.569526,566.407162,565.273666,564.173779,563.112142,562.093291,561.121655,560.201543,559.337131,558.532438,557.791307,557.117369,556.514013,555.984348,555.531166,555.156908,554.863625,554.652947,554.526061,554.483685,554.526061,554.652947,554.863625,555.156908,555.531166,555.984348,556.514013,557.117369,557.791307,558.532438,559.337131,560.201543,561.121655,562.093291,563.112142,564.173779,565.273666,566.407162,567.569526,568.755912,569.961363,571.180812,572.409069,573.64082,574.870622,576.092909,577.30199,578.492066,579.657243,580.791558,581.889008,582.943589,583.949338,584.900389,585.791022,586.615729,587.369271,588.046748,588.643656,589.155954,589.580112,589.913171,590.15278,590.297235,590.345502
595.157623,595.104767,594.946607,594.684362,594.32004,593.856402,593.296917,592.645703,591.907432,591.087373,590.191141,589.224731,588.194415,587.106661,585.968065,584.785281,583.564965,582.313723,581.038073,579.744408,578.438972,577.127847,575.816943,574.511992,573.218556,571.942029,570.687648,569.460502,568.265543,567.107593,565.991352,564.921398,563.902186,562.938043,562.033151,561.191532,560.417024,559.713253,559.0836,558.531165,558.058732,557.668735,557.363217,557.143804,557.011679,556.967556,557.011679,557.143804,557.363217,557.668735,558.058732,558.531165,559.0836,559.713253,560.417024,561.191532,562.033151,562.938043,563.902186,564.921398,565.991352,567.107593,568.265543,569.460502,570.687648,571.942029,573.218556,574.511992,575.816943,577.127847,578.438972,579.744408,581.038073,582.313723,583.564965,584.785281,585.968065,587.106661,588.194415,589.224731,590.191141,591.087373,591.907432,592.645703,593.296917,593.856402,594.32004,594.684362,594.946607,595.104767,595.157623
599.956835,599.899409,599.727599,599.44281,599.04735,598.544391,597.937907,597.232605,596.43384,595.54753,594.580056,593.538172,592.428909,591.259454,590.037183,588.769413,587.463449,586.1265,584.765634,583.38774,581.999509,580.607412,579.217696,577.836387,576.46929,575.122004,573.799931,572.508295,571.252151,570.036402,568.865806,567.744981,566.678411,565.670438,564.725251,563.846874,563.039142,562.305673,561.649841,561.074738,560.583141,560.177475,559.859777,559.631668,559.494326,559.448465,559.494326,559.631668,559.859777,560.177475,560.583141,561.074738,561.649841,562.305673,563.039142,563.846874,564.725251,565.670438,566.678411,567.744981,568.865806,570.036402,571.252151,572.508295,573.799931,575.122004,576.46929,577.836387,579.217696,580.607412,581.999509,583.38774,584.765634,586.1265,587.463449,588.769413,590.037183,591.259454,592.428909,593.538172,594.580056,595.54753,596.43384,597.232605,597.937907,598.544391,599.04735,599.44281,599.727599,599.899409,599.956835
604.719131,604.657174,604.471835,604.1647,603.738377,603.196443,602.543374,601.784459,600.925704,599.973724,598.935636,597.818944,596.631428,595.381048,594.07584,592.723835,591.332954,589.91106,588.465737,587.004371,585.534089,584.06175,582.593939,581.136967,579.696882,578.279486,576.890345,575.534814,574.218052,572.94504,571.720593,570.549371,569.435884,568.384489,567.399383,566.484589,565.64394,564.881049,564.199281,563.60172,563.091136,562.669945,562.340179,562.103453,561.960943,561.91336,561.960943,562.103453,562.340179,562.669945,563.091136,563.60172,564.199281,564.881049,565.64394,566.484589,567.399383,568.384489,569.435884,570.549371,571.720593,572.94504,574.218052,575.534814,576.890345,578.279486,579.696882,581.136967,582.593939,584.06175,585.534089,587.004371,588.465737,589.91106,591.332954,592.723835,594.07584,595.381048,596.631428,597.818944,598.935636,599.973724,600.925704,601.784459,602.543374,603.196443,603.738377,604.1647,604.471835,604.657174,604.719131
609.420336,609.353911,609.155229,608.826057,608.369296,607.788924,607.089911,606.278121,605.360201,604.343456,603.235724,602.04525,600.780558,599.450338,598.063336,596.628256,595.153686,593.648019,592.11938,590.575698,589.024506,587.473044,585.928228,584.396652,582.884605,581.398084,579.94282,578.524297,577.147775,575.818312,574.540779,573.319876,572.160138,571.065937,570.041478,569.090786,568.217687,567.425791,566.718454,566.098753,565.569449,565.132952,564.791288,564.546068,564.398462,564.34918,564.398462,564.546068,564.791288,565.132952,565.569449,566.098753,566.718454,567.425791,568.217687,569.090786,570.041478,571.065937,572.160138,573.319876,574.540779,575.818312,577.147775,578.524297,579.94282,581.398084,582.884605,584.396652,585.928228,587.473044,589.024506,590.575698,592.11938,593.648019,595.153686,596.628256,598.063336,599.450338,600.780558,602.04525,603.235724,604.343456,605.360201,606.278121,607.089911,607.788924,608.369296,608.826057,609.155229,609.353911,609.420336
614.03628,613.965472,613.7537,613.402909,612.916288,612.298206,611.55412,610.690457,609.714491,608.634205,607.458146,606.195285,604.854876,603.446325,601.979074,600.462492,598.905788,597.317937,595.70762,594.083185,592.45262,590.823514,589.203162,587.598408,586.015776,584.461457,582.94134,581.461036,580.025905,578.641077,577.311482,576.041856,574.83676,573.700581,572.637529,571.651629,570.746708,569.926365,569.193952,568.552537,568.004874,567.553365,567.200032,566.94648,566.793876,566.742929,566.793876,566.94648,567.200032,567.553365,568.004874,568.552537,569.193952,569.926365,570.746708,571.651629,572.637529,573.700581,574.83676,576.041856,577.311482,578.641077,580.025905,581.461036,582.94134,584.461457,586.015776,587.598408,589.203162,590.823514,592.45262,594.083185,595.70762,597.317937,598.905788,600.462492,601.979074,603.446325,604.854876,606.195285,607.458146,608.634205,609.714491,610.690457,611.55412,612.298206,612.916288,613.402909,613.7537,613.965472,614.03628
618.542935,618.467851,618.24331,617.871427,617.355675,616.700805,615.912745,614.998473,613.965875,612.823596,611.580873,610.247385,608.833099,607.348122,605.802573,604.206471,602.569633,600.901598,599.211564,597.508346,595.800347,594.095548,592.401506,590.725338,589.073851,587.453397,585.870021,584.329456,582.837157,581.39833,580.017955,578.700808,577.451473,576.27435,575.173657,574.153419,573.217458,572.36937,571.612498,570.949904,570.384333,569.918182,569.553466,569.291787,569.134308,569.081736,569.134308,569.291787,569.553466,569.918182,570.384333,570.949904,571.612498,572.36937,573.217458,574.153419,575.173657,576.27435,577.451473,578.700808,580.017955,581.39833,582.837157,584.329456,585.870021,587.453397,589.073851,590.725338,592.401506,594.095548,595.800347,597.508346,599.211564,600.901598,602.569633,604.206471,605.802573,607.348122,608.833099,610.247385,611.580873,612.823596,613.965875,614.998473,615.912745,616.700805,617.355675,617.871427,618.24331,618.467851,618.542935
622.916569,622.837338,622.600413,622.208076,621.664072,620.973524,620.142816,619.17946,618.091937,616.88953,615.582148,614.180159,612.694217,611.13511,609.513617,607.840384,606.12582,604.380012,602.612659,600.833029,599.049928,597.271691,595.506183,593.760811,592.042518,590.35793,588.713209,587.114207,585.566473,584.075283,582.64567,581.282443,579.990211,578.773387,577.636195,576.582661,575.616603,574.741611,573.961022,573.277889,572.694953,572.214604,571.83885,571.569289,571.407083,571.352936,571.407083,571.569289,571.83885,572.214604,572.694953,573.277889,573.961022,574.741611,575.616603,576.582661,577.636195,578.773387,579.990211,581.282443,582.64567,584.075283,585.566473,587.114207,588.713209,590.35793,592.042518,593.760811,595.506183,597.271691,599.049928,600.833029,602.612659,604.380012,606.12582,607.840384,609.513617,611.13511,612.694217,614.180159,615.582148,616.88953,618.091937,619.17946,620.142816,620.973524,621.664072,622.208076,622.600413,622.837338,622.916569
627.133893,627.050666,626.801808,626.389761,625.818533,625.093602,624.221796,623.211138,622.070683,620.810328,619.440631,617.972622,616.417619,614.787066,613.092377,611.344804,609.555327,607.73456,605.892687,604.039412,602.183929,600.334917,598.500535,596.688444,594.90583,593.159436,591.455569,589.800256,588.199105,586.65746,585.1804,583.772773,582.439207,581.184129,580.011768,578.92615,577.931091,577.030175,576.226732,575.523809,574.92414,574.430107,574.043717,573.766562,573.5998,573.544134,573.5998,573.766562,574.043717,574.430107,574.92414,575.523809,576.226732,577.030175,577.931091,578.92615,580.011768,581.184129,582.439207,583.772773,585.1804,586.65746,588.199105,589.800256,591.455569,593.159436,594.90583,596.688444,598.500535,600.334917,602.183929,604.039412,605.892687,607.73456,609.555327,611.344804,613.092377,614.787066,616.417619,617.972622,619.440631,620.810328,622.070683,623.211138,624.221796,625.093602,625.818533,626.389761,626.801808,627.050666,627.133893
631.172182,631.085132,630.824855,630.393947,629.796666,629.038833,628.127696,627.071801,625.880686,624.564871,623.135532,621.604333,619.983228,618.28429,616.51954,614.700811,612.839628,610.947113,609.033911,607.110145,605.185383,603.268628,601.368325,599.492377,597.648175,595.84263,594.082215,592.37301,590.720709,589.130776,587.608312,586.158194,584.785073,583.493387,582.28737,581.171049,580.148237,579.222511,578.397196,577.675334,577.05965,576.552523,576.155952,575.871528,575.700406,575.643287,575.700406,575.871528,576.155952,576.552523,577.05965,577.675334,578.397196,579.222511,580.148237,581.171049,582.28737,583.493387,584.785073,586.158194,587.608312,589.130776,590.720709,592.37301,594.082215,595.84263,597.648175,599.492377,601.368325,603.268628,605.185383,607.110145,609.033911,610.947113,612.839628,614.700811,616.51954,618.28429,619.983228,621.604333,623.135532,624.564871,625.880686,627.071801,628.127696,629.038833,629.796666,630.393947,630.824855,631.085132,631.172182
635.009568,634.918886,634.647764,634.198944,633.576921,632.787839,631.839348,630.740428,629.501198,628.132709,626.646751,625.05553,623.371637,621.60774,619.776438,617.890117,615.960819,614.000148,612.019189,610.028463,608.03789,606.056787,604.093867,602.157263,600.254561,598.392832,596.57868,594.818289,593.117461,591.481637,589.916049,588.425575,587.014885,585.688431,584.450449,583.304967,582.255795,581.306505,580.460417,579.720566,579.089671,578.570106,578.163867,577.872539,577.697275,577.638775,577.697275,577.872539,578.163867,578.570106,579.089671,579.720566,580.460417,581.306505,582.255795,583.304967,584.450449,585.688431,587.014885,588.425575,589.916049,591.481637,593.117461,594.818289,596.57868,598.392832,600.254561,602.157263,604.093867,606.056787,608.03789,610.028463,612.019189,614.000148,615.960819,617.890117,619.776438,621.60774,623.371637,625.05553,626.646751,628.132709,629.501198,630.740428,631.839348,632.787839,633.576921,634.198944,634.647764,634.918886,635.009568
638.624986,638.530886,638.249553,637.783865,637.138544,636.320037,635.33637,634.196962,632.912421,631.494323,629.954984,628.307237,626.56424,624.739161,622.845177,620.895191,618.901737,616.87687,614.832092,612.778296,610.725738,608.684026,606.662129,604.668396,602.710596,600.795952,598.931191,597.122592,595.376036,593.697049,592.090818,590.562338,589.116268,587.75707,586.488984,585.31604,584.242043,583.270562,582.40491,581.648116,581.002896,580.471617,580.05627,579.75844,579.579275,579.519476,579.579275,579.75844,580.05627,580.471617,581.002896,581.648116,582.40491,583.270562,584.242043,585.31604,586.488984,587.75707,589.116268,590.562338,592.090818,593.697049,595.376036,597.122592,598.931191,600.795952,602.710596,604.668396,606.662129,608.684026,610.725738,612.778296,614.832092,616.87687,618.901737,620.895191,622.845177,624.739161,626.56424,628.307237,629.954984,631.494323,632.912421,634.196962,635.33637,636.320037,637.138544,637.783865,638.249553,638.530886,638.624986
641.998461,641.901172,641.610316,641.128899,640.46185,639.615901,638.599428,637.422259,636.095457,634.631089,633.041988,631.341513,629.543326,627.66121,625.708754,623.69938,621.646078,619.561326,617.457013,615.344382,613.234,611.13575,609.058836,607.011813,605.002616,603.038612,601.126642,599.273076,597.483866,595.764592,594.120507,592.556576,591.077476,589.687735,588.391571,587.193011,586.095858,585.103677,584.219776,583.447179,582.788595,582.246389,581.822547,581.518651,581.335848,581.274836,581.335848,581.518651,581.822547,582.246389,582.788595,583.447179,584.219776,585.103677,586.095858,587.193011,588.391571,589.687735,591.077476,592.556576,594.120507,595.764592,597.483866,599.273076,601.126642,603.038612,605.002616,607.011813,609.058836,611.13575,613.234,615.344382,617.457013,619.561326,621.646078,623.69938,625.708754,627.66121,629.543326,631.341513,633.041988,634.631089,636.095457,637.422259,638.599428,639.615901,640.46185,641.128899,641.610316,641.901172,641.998461
645.111211,645.010981,644.711343,644.21542,643.528333,642.657075,641.610346,640.398349,639.032568,637.525523,635.890521,634.141409,632.29234,630.357549,628.351187,626.287028,624.178514,622.038517,619.879281,617.712373,615.548648,613.39824,611.270572,609.174387,607.117777,605.108238,603.152719,601.257672,599.429116,597.672679,595.993649,594.397017,592.887503,591.46956,590.147494,588.925304,587.80679,586.795514,585.894779,585.107603,584.436692,583.884405,583.452727,583.143235,582.957075,582.894944,582.957075,583.143235,583.452727,583.884405,584.436692,585.107603,585.894779,586.795514,587.80679,588.925304,590.147494,591.46956,592.887503,594.397017,595.993649,597.672679,599.429116,601.257672,603.152719,605.108238,607.117777,609.174387,611.270572,613.39824,615.548648,617.712373,619.879281,622.038517,624.178514,626.287028,628.351187,630.357549,632.29234,634.141409,635.890521,637.525523,639.032568,640.398349,641.610346,642.657075,643.528333,644.21542,644.711343,645.010981,645.111211
647.94579,647.842884,647.535252,647.026126,646.320801,645.426506,644.352237,643.108538,641.707275,640.161379,638.484592,636.691204,634.795812,632.813092,630.757591,628.643555,626.484806,624.294509,622.085267,619.868941,617.656647,615.45875,613.284872,611.143926,609.044148,606.993153,604.997984,603.065172,601.200793,599.41052,597.699677,596.073272,594.536044,593.092479,591.746802,590.503099,589.365138,588.336478,587.420415,586.619966,585.937831,585.376367,584.937553,584.622966,584.43375,584.370601,584.43375,584.622966,584.937553,585.376367,585.937831,586.619966,587.420415,588.336478,589.365138,590.503099,591.746802,593.092479,594.536044,596.073272,597.699677,599.41052,601.200793,603.065172,604.997984,606.993153,609.044148,611.143926,613.284872,615.45875,617.656647,619.868941,622.085267,624.294509,626.484806,628.643555,630.757591,632.813092,634.795812,636.691204,638.484592,640.161379,641.707275,643.108538,644.352237,645.426506,646.320801,647.026126,647.535252,647.842884,647.94579
650.486216,650.380912,650.06612,649.545166,648.823502,647.908571,646.809629,645.537529,644.104477,642.523774,640.809549,638.97649,637.039592,635.013927,632.914423,630.755692,628.551902,626.316532,624.062481,621.801871,619.546055,617.305602,615.090316,612.90926,610.7708,608.682655,606.651957,604.685304,602.788826,600.968235,599.228884,597.575803,596.013741,594.547192,593.180413,591.917403,590.762016,589.717777,588.787981,587.975638,587.283445,586.713756,586.268548,585.949396,585.757441,585.693379,585.757441,585.949396,586.268548,586.713756,587.283445,587.975638,588.787981,589.717777,590.762016,591.917403,593.180413,594.547192,596.013741,597.575803,599.228884,600.968235,602.788826,604.685304,606.651957,608.682655,610.7708,612.90926,615.090316,617.305602,619.546055,621.801871,624.062481,626.316532,628.551902,630.755692,632.914423,635.013927,637.039592,638.97649,640.809549,642.523774,644.104477,645.537529,646.809629,647.908571,648.823502,649.545166,650.06612,650.380912,650.486216
652.718088,652.610679,652.289599,651.758258,651.022246,650.089192,648.968582,647.671538,646.210568,644.599295,642.852188,640.984284,639.01093,636.947543,634.809388,632.611397,630.368008,628.093079,625.799665,623.500155,621.206107,618.928272,616.676611,614.460321,612.287881,610.167103,608.105195,606.108816,604.184141,602.336919,600.572526,598.896012,597.312135,595.825398,594.440058,593.160143,591.989418,590.931495,589.989634,589.166843,588.465815,587.888901,587.438077,587.114913,586.920553,586.855688,586.920553,587.114913,587.438077,587.888901,588.465815,589.166843,589.989634,590.931495,591.989418,593.160143,594.440058,595.825398,597.312135,598.896012,600.572526,602.336919,604.184141,606.108816,608.105195,610.167103,612.287881,614.460321,616.676611,618.928272,621.206107,623.500155,625.799665,628.093079,630.368008,632.611397,634.809388,636.947543,639.01093,640.984284,642.852188,644.599295,646.210568,647.671538,648.968582,650.089192,651.022246,651.758258,652.289599,652.610679,652.718088
654.628697,654.519487,654.193026,653.652797,652.904506,651.955943,650.81679,649.4984,648.013537,646.376101,644.600852,642.703126,640.69857,638.602896,636.431658,634.200063,631.922807,629.613958,627.286883,624.954075,622.627301,620.317468,618.034671,615.788221,613.586695,611.437985,609.349362,607.327538,605.378728,603.508711,601.722884,600.026311,598.423763,596.919744,595.518517,594.224108,593.04031,591.970643,591.018455,590.18672,589.47813,588.895031,588.439399,588.112803,587.916382,587.850832,587.916382,588.112803,588.439399,588.895031,589.47813,590.18672,591.018455,591.970643,593.04031,594.224108,595.518517,596.919744,598.423763,600.026311,601.722884,603.508711,605.378728,607.327538,609.349362,611.437985,613.586695,615.788221,618.034671,620.317468,622.627301,624.954075,627.286883,629.613958,631.922807,634.200063,636.431658,638.602896,640.69857,642.703126,644.600852,646.376101,648.013537,649.4984,650.81679,651.955943,652.904506,653.652797,654.193026,654.519487,654.628697
656.20712,656.096422,655.765518,655.217948,654.459517,653.498145,652.343678,651.007658,649.50306,647.844016,646.045522,644.123163,642.092834,639.970491,637.771926,635.512572,633.207341,630.870496,628.51559,626.155277,623.801469,621.465203,619.156684,616.885321,614.659767,612.487983,610.377293,608.33445,606.365702,604.476854,602.673322,600.96018,599.342208,597.823914,596.409562,595.10318,593.908558,592.829244,591.868496,591.029373,590.314535,589.726328,589.266723,588.937291,588.739169,588.673051,588.739169,588.937291,589.266723,589.726328,590.314535,591.029373,591.868496,592.829244,593.908558,595.10318,596.409562,597.823914,599.342208,600.96018,602.673322,604.476854,606.365702,608.33445,610.377293,612.487983,614.659767,616.885321,619.156684,621.465203,623.801469,626.155277,628.51559,630.870496,633.207341,635.512572,637.771926,639.970491,642.092834,644.123163,646.045522,647.844016,649.50306,651.007658,652.343678,653.498145,654.459517,655.217948,655.765518,656.096422,656.20712
657.444305,657.332441,656.998054,656.444733,655.678356,654.706946,653.540479,652.190643,650.670581,648.994602,647.177892,645.236229,643.185701,641.042457,638.822475,636.541366,634.214209,631.855423,629.478672,627.096832,624.721837,622.364853,620.036176,617.745285,615.500901,613.311032,611.183045,609.123728,607.139355,605.235748,603.418339,601.692211,600.06215,598.532668,597.10803,595.792263,594.589158,593.502261,592.534855,591.689912,590.970177,590.377966,589.915249,589.583593,589.384138,589.317576,589.384138,589.583593,589.915249,590.377966,590.970177,591.689912,592.534855,593.502261,594.589158,595.792263,597.10803,598.532668,600.06215,601.692211,603.418339,605.235748,607.139355,609.123728,611.183045,613.311032,615.500901,617.745285,620.036176,622.364853,624.721837,627.096832,629.478672,631.855423,634.214209,636.541366,638.822475,641.042457,643.185701,645.236229,647.177892,648.994602,650.670581,652.190643,653.540479,654.706946,655.678356,656.444733,656.998054,657.332441,657.444305
658.333137,658.220435,657.883548,657.326095,656.55401,655.575391,654.400303,653.040544,651.509373,649.82123,647.991435,646.035904,643.970867,641.812608,639.577241,637.280503,634.937595,632.563047,630.170625,627.773298,625.383081,623.011215,620.668055,618.363136,616.105223,613.902362,611.76195,609.690798,607.695199,605.78099,603.953611,602.218155,600.579409,599.041889,597.609862,596.287354,595.078154,593.985808,593.013599,592.164525,591.441243,590.846155,590.381201,590.047949,589.847536,589.780654,589.847536,590.047949,590.381201,590.846155,591.441243,592.164525,593.013599,593.985808,595.078154,596.287354,597.609862,599.041889,600.579409,602.218155,603.953611,605.78099,607.695199,609.690798,611.76195,613.902362,616.105223,618.363136,620.668055,623.011215,625.383081,627.773298,630.170625,632.563047,634.937595,637.280503,639.577241,641.812608,643.970867,646.035904,647.991435,649.82123,651.509373,653.040544,654.400303,655.575391,656.55401,657.326095,657.883548,658.220435,658.333137
658.86853,658.755324,658.416896,657.856955,657.081433,656.098471,654.918192,653.552456,652.014596,650.319126,648.481451,646.517568,644.443791,642.27649,640.031856,637.725706,635.373311,632.989269,630.587409,628.180755,625.781369,623.400539,621.048656,618.735289,616.469227,614.258541,612.110645,610.032365,608.030005,606.10941,604.276027,602.534951,600.890975,599.348614,597.912136,596.585568,595.372698,594.27707,593.301968,592.450388,591.724987,591.128167,590.661866,590.327651,590.126661,590.059587,590.126661,590.327651,590.661866,591.128167,591.724987,592.450388,593.301968,594.27707,595.372698,596.585568,597.912136,599.348614,600.890975,602.534951,604.276027,606.10941,608.030005,610.032365,612.110645,614.258541,616.469227,618.735289,621.048656,623.400539,625.781369,628.180755,630.587409,632.989269,635.373311,637.725706,640.031856,642.27649,644.443791,646.517568,648.481451,650.319126,652.014596,653.552456,654.918192,656.098471,657.081433,657.856955,658.416896,658.755324,658.86853
659.047327,658.933952,658.595055,658.034249,657.257579,656.273168,655.091155,653.723423,652.183329,650.485412,648.645105,646.678433,644.601738,642.431417,640.183688,637.874394,635.518831,633.131619,630.726606,628.316837,625.91439,623.530565,621.175769,618.85958,616.590797,614.377498,612.227102,610.146442,608.141824,606.219097,604.383708,602.640756,600.995032,599.451055,598.013091,596.685166,595.47107,594.374347,593.398278,592.545861,591.819753,591.222354,590.755603,590.421067,590.219884,590.152746,590.219884,590.421067,590.755603,591.222354,591.819753,592.545861,593.398278,594.374347,595.47107,596.685166,598.013091,599.451055,600.995032,602.640756,604.383708,606.219097,608.141824,610.146442,612.227102,614.377498,616.590797,618.85958,621.175769,623.530565,625.91439,628.316837,630.726606,633.131619,635.518831,637.874394,640.183688,642.431417,644.601738,646.678433,648.645105,650.485412,652.183329,653.723423,655.091155,656.273168,657.257579,658.034249,658.595055,658.933952,659.047327
