0.653141305,0.524754237,0.546370343,1.12506109,0.951774521,0.944388266
0.652301613,0.524009368,0.545629659,1.12358968,0.950432129,0.94312845
0.651460133,0.523262984,0.544887436,1.12211517,0.949086998,0.941865997
0.650616868,0.522515086,0.544143675,1.12063755,0.947739133,0.940600912
0.649771822,0.521765679,0.54339838,1.11915684,0.94638854,0.9393332
0.648924997,0.521014765,0.542651554,1.11767304,0.945035225,0.938062866
0.648076399,0.520262347,0.541903201,1.11618615,0.943679192,0.936789915
0.647226029,0.519508429,0.541153323,1.11469619,0.942320447,0.935514352
0.646373893,0.518753014,0.540401923,1.11320315,0.940958997,0.934236184
0.645519992,0.517996104,0.539649005,1.11170705,0.939594847,0.932955415
0.644664332,0.517237703,0.538894572,1.11020788,0.938228002,0.93167205
0.643806914,0.516477814,0.538138626,1.10870567,0.936858467,0.930386095
0.642947744,0.515716441,0.537381171,1.10720041,0.93548625,0.929097556
0.642086824,0.514953585,0.536622211,1.1056921,0.934111355,0.927806436
0.641224159,0.514189251,0.535861747,1.10418076,0.932733788,0.926512743
0.640359751,0.513423442,0.535099785,1.1026664,0.931353554,0.925216481
0.639493604,0.512656161,0.534336325,1.10114901,0.92997066,0.923917655
0.638625722,0.51188741,0.533571373,1.09962861,0.928585111,0.922616272
0.637756109,0.511117194,0.532804931,1.09810519,0.927196914,0.921312336
0.636884768,0.510345515,0.532037002,1.09657878,0.925806072,0.920005852
0.636011702,0.509572376,0.531267589,1.09504936,0.924412594,0.918696827
0.635136916,0.508797782,0.530496696,1.09351696,0.923016483,0.917385266
0.634260413,0.508021734,0.529724326,1.09198157,0.921617747,0.916071174
0.633382197,0.507244237,0.528950481,1.09044321,0.92021639,0.914754556
0.632502271,0.506465294,0.528175167,1.08890187,0.918812419,0.913435419
0.631620639,0.505684907,0.527398384,1.08735757,0.91740584,0.912113767
0.630737305,0.50490308,0.526620138,1.08581032,0.915996658,0.910789607
0.629852273,0.504119816,0.525840431,1.08426011,0.914584879,0.909462943
0.628965546,0.503335119,0.525059266,1.08270695,0.913170509,0.908133782
0.628077127,0.502548991,0.524276646,1.08115086,0.911753555,0.906802128
0.627187021,0.501761437,0.523492576,1.07959183,0.910334021,0.905467987
0.626295231,0.500972459,0.522707058,1.07802988,0.908911915,0.904131366
0.625401762,0.500182061,0.521920095,1.076465,0.907487241,0.902792269
0.624506616,0.499390246,0.521131691,1.07489722,0.906060006,0.901450702
0.623609798,0.498597017,0.52034185,1.07332653,0.904630215,0.900106671
0.622711311,0.497802378,0.519550574,1.07175294,0.903197876,0.898760181
0.62181116,0.497006331,0.518757866,1.07017646,0.901762993,0.897411238
0.620909347,0.496208881,0.517963731,1.06859709,0.900325572,0.896059848
0.620005877,0.495410031,0.517168171,1.06701484,0.898885621,0.894706017
0.619100753,0.494609784,0.51637119,1.06542971,0.897443144,0.893349749
0.61819398,0.493808143,0.515572792,1.06384173,0.895998148,0.891991051
0.61728556,0.493005112,0.514772978,1.06225088,0.894550639,0.890629929
0.616375499,0.492200693,0.513971754,1.06065718,0.893100623,0.889266387
0.6154638,0.491394892,0.513169122,1.05906063,0.891648106,0.887900433
0.614550466,0.49058771,0.512365086,1.05746124,0.890193095,0.886532071
0.613635501,0.489779151,0.511559649,1.05585902,0.888735594,0.885161308
0.61271891,0.48896922,0.510752815,1.05425397,0.887275611,0.883788149
0.611800696,0.488157918,0.509944586,1.05264611,0.885813152,0.8824126
0.610880864,0.48734525,0.509134967,1.05103543,0.884348222,0.881034666
0.609959416,0.486531219,0.508323961,1.04942194,0.882880828,0.879654355
0.609036357,0.485715828,0.507511571,1.04780566,0.881410976,0.87827167
0.608111691,0.484899081,0.506697801,1.04618658,0.879938673,0.876886619
0.607185421,0.484080981,0.505882653,1.04456472,0.878463924,0.875499207
0.606257552,0.483261532,0.505066133,1.04294008,0.876986736,0.87410944
0.605328088,0.482440738,0.504248242,1.04131267,0.875507114,0.872717324
0.604397032,0.481618601,0.503428985,1.03968249,0.874025066,0.871322865
0.603464389,0.480795125,0.502608366,1.03804956,0.872540598,0.869926068
0.602530162,0.479970314,0.501786386,1.03641387,0.871053715,0.86852694
0.601594355,0.479144171,0.500963051,1.03477545,0.869564425,0.867125487
0.600656972,0.478316699,0.500138363,1.03313428,0.868072732,0.865721714
0.599718018,0.477487903,0.499312326,1.03149038,0.866578645,0.864315627
0.598777497,0.476657786,0.498484944,1.02984376,0.865082168,0.862907232
0.597835411,0.475826351,0.49765622,1.02819443,0.863583309,0.861496536
0.596891766,0.474993601,0.496826158,1.02654238,0.862082074,0.860083545
0.595946565,0.474159541,0.495994761,1.02488763,0.860578469,0.858668264
0.594999812,0.473324174,0.495162032,1.02323019,0.859072501,0.857250699
0.594051512,0.472487503,0.494327976,1.02157006,0.857564175,0.855830856
0.593101669,0.471649533,0.493492596,1.01990725,0.856053499,0.854408742
0.592150285,0.470810266,0.492655895,1.01824177,0.854540479,0.852984363
0.591197367,0.469969706,0.491817877,1.01657361,0.853025121,0.851557724
0.590242916,0.469127856,0.490978546,1.0149028,0.851507431,0.850128832
0.589286939,0.468284721,0.490137905,1.01322934,0.849987417,0.848697692
0.588329438,0.467440304,0.489295958,1.01155323,0.848465085,0.847264312
0.587370419,0.466594609,0.488452709,1.00987448,0.846940441,0.845828696
0.586409884,0.465747639,0.48760816,1.0081931,0.845413491,0.844390852
0.585447838,0.464899397,0.486762316,1.0065091,0.843884243,0.842950785
0.584484285,0.464049888,0.485915181,1.00482248,0.842352702,0.841508501
0.58351923,0.463199116,0.485066757,1.00313325,0.840818876,0.840064007
0.582552676,0.462347083,0.484217049,1.00144142,0.839282771,0.838617309
0.581584628,0.461493793,0.483366061,0.999746988,0.837744393,0.837168412
0.58061509,0.46063925,0.482513795,0.998049973,0.836203749,0.835717325
0.579644065,0.459783458,0.481660256,0.996350378,0.834660846,0.834264051
0.578671559,0.458926421,0.480805447,0.99464821,0.833115691,0.832808598
0.577697574,0.458068141,0.479949372,0.992943475,0.831568289,0.831350972
0.576722117,0.457208624,0.479092035,0.991236182,0.830018648,0.82989118
0.57574519,0.456347872,0.47823344,0.989526338,0.828466774,0.828429227
0.574766798,0.455485889,0.477373589,0.987813949,0.826912674,0.826965119
0.573786944,0.454622679,0.476512487,0.986099024,0.825356355,0.825498864
0.572805635,0.453758245,0.475650138,0.98438157,0.823797824,0.824030467
0.571822872,0.452892592,0.474786545,0.982661594,0.822237086,0.822559935
0.570838662,0.452025724,0.473921712,0.980939104,0.820674149,0.821087274
0.569853007,0.451157643,0.473055643,0.979214107,0.81910902,0.81961249
0.568865913,0.450288353,0.472188342,0.97748661,0.817541705,0.818135591
0.567877383,0.449417859,0.471319811,0.975756621,0.815972211,0.816656581
0.566887423,0.448546165,0.470450056,0.974024148,0.814400545,0.815175468
0.565896035,0.447673273,0.46957908,0.972289197,0.812826713,0.813692258
0.564903224,0.446799188,0.468706886,0.970551777,0.811250723,0.812206957
0.563908996,0.445923913,0.467833479,0.968811894,0.809672582,0.810719572
0.562913353,0.445047453,0.466958862,0.967069557,0.808092296,0.809230109
0.5619163,0.444169811,0.466083039,0.965324773,0.806509871,0.807738575
0.560917843,0.443290991,0.465206013,0.963577549,0.804925316,0.806244976
0.559917984,0.442410996,0.46432779,0.961827894,0.803338636,0.804749319
0.558916728,0.441529832,0.463448372,0.960075814,0.801749839,0.80325161
0.55791408,0.4406475,0.462567763,0.958321317,0.800158932,0.801751855
0.556910044,0.439764006,0.461685968,0.956564411,0.798565921,0.800250062
0.555904625,0.438879353,0.460802989,0.954805104,0.796970813,0.798746237
0.554897826,0.437993545,0.459918832,0.953043403,0.795373616,0.797240385
0.553889652,0.437106586,0.459033499,0.951279316,0.793774336,0.795732515
0.552880108,0.43621848,0.458146995,0.94951285,0.792172981,0.794222632
0.551869198,0.43532923,0.457259323,0.947744013,0.790569556,0.792710742
0.550856926,0.434438841,0.456370488,0.945972813,0.78896407,0.791196854
0.549843297,0.433547316,0.455480493,0.944199258,0.78735653,0.789680972
0.548828315,0.432654659,0.454589343,0.942423355,0.785746942,0.788163104
0.547811985,0.431760875,0.45369704,0.940645112,0.784135313,0.786643257
0.54679431,0.430865967,0.45280359,0.938864537,0.78252165,0.785121437
0.545775297,0.429969939,0.451908995,0.937081637,0.780905961,0.78359765
0.544754948,0.429072795,0.451013261,0.935296421,0.779288253,0.782071904
0.543733268,0.428174539,0.45011639,0.933508896,0.777668533,0.780544205
0.542710263,0.427275174,0.449218387,0.931719071,0.776046807,0.779014559
0.541685935,0.426374706,0.448319256,0.929926952,0.774423083,0.777482974
0.540660291,0.425473137,0.447419001,0.928132547,0.772797368,0.775949456
0.539633334,0.424570472,0.446517625,0.926335866,0.771169669,0.774414012
0.538605069,0.423666715,0.445615133,0.924536914,0.769539994,0.772876649
0.537575501,0.42276187,0.444711529,0.922735701,0.76790835,0.771337373
0.536544633,0.42185594,0.443806816,0.920932235,0.766274743,0.769796192
0.53551247,0.420948931,0.442901,0.919126522,0.764639181,0.768253111
0.534479018,0.420040845,0.441994082,0.917318572,0.763001671,0.766708138
0.53344428,0.419131686,0.441086069,0.915508391,0.76136222,0.765161279
0.532408262,0.41822146,0.440176963,0.913695989,0.759720836,0.763612542
0.531370967,0.417310169,0.439266769,0.911881373,0.758077526,0.762061933
0.5303324,0.416397818,0.43835549,0.91006455,0.756432298,0.760509459
0.529292566,0.415484411,0.437443132,0.90824553,0.754785157,0.758955127
0.52825147,0.414569952,0.436529697,0.90642432,0.753136113,0.757398944
0.527209115,0.413654445,0.43561519,0.904600928,0.751485171,0.755840917
0.526165507,0.412737894,0.434699616,0.902775362,0.74983234,0.754281052
0.525120651,0.411820304,0.433782977,0.90094763,0.748177626,0.752719356
0.52407455,0.410901677,0.432865278,0.899117741,0.746521037,0.751155837
0.52302721,0.409982019,0.431946524,0.897285701,0.744862581,0.749590501
0.521978635,0.409061333,0.431026718,0.895451521,0.743202265,0.748023356
0.52092883,0.408139624,0.430105865,0.893615207,0.741540096,0.746454407
0.519877799,0.407216895,0.429183968,0.891776768,0.739876081,0.744883663
0.518825547,0.406293151,0.428261032,0.889936211,0.738210228,0.74331113
0.517772079,0.405368396,0.42733706,0.888093546,0.736542545,0.741736815
0.5167174,0.404442635,0.426412058,0.88624878,0.734873039,0.740160725
0.515661514,0.40351587,0.425486028,0.884401922,0.733201717,0.738582868
0.514604425,0.402588106,0.424558976,0.882552979,0.731528586,0.737003249
0.513546139,0.401659348,0.423630905,0.88070196,0.729853655,0.735421877
0.512486661,0.4007296,0.42270182,0.878848873,0.728176931,0.733838759
0.511425994,0.399798865,0.421771725,0.876993727,0.726498421,0.7322539
0.510364145,0.398867149,0.420840623,0.87513653,0.724818132,0.730667309
0.509301116,0.397934454,0.419908519,0.873277289,0.723136073,0.729078993
0.508236914,0.397000786,0.418975418,0.871416014,0.721452251,0.727488958
0.507171543,0.396066148,0.418041323,0.869552712,0.719766673,0.725897212
0.506105008,0.395130546,0.417106239,0.867687392,0.718079347,0.724303761
0.505037313,0.394193982,0.416170169,0.865820062,0.716390281,0.722708614
0.503968464,0.393256461,0.415233119,0.863950731,0.714699482,0.721111777
0.502898464,0.392317988,0.414295092,0.862079407,0.713006957,0.719513258
0.50182732,0.391378566,0.413356093,0.860206099,0.711312715,0.717913062
0.500755035,0.3904382,0.412416125,0.858330814,0.709616763,0.716311199
0.499681615,0.389496895,0.411475194,0.856453561,0.707919109,0.714707674
0.498607064,0.388554653,0.410533302,0.854574349,0.70621976,0.713102496
0.497531387,0.387611481,0.409590456,0.852693186,0.704518724,0.711495671
0.496454589,0.386667381,0.408646658,0.850810081,0.702816009,0.709887207
0.495376675,0.385722359,0.407701913,0.848925041,0.701111622,0.70827711
0.49429765,0.384776418,0.406756225,0.847038076,0.699405572,0.706665389
0.493217518,0.383829562,0.4058096,0.845149194,0.697697865,0.70505205
0.492136285,0.382881797,0.40486204,0.843258404,0.69598851,0.7034371
0.491053955,0.381933127,0.403913551,0.841365713,0.694277514,0.701820548
0.489970534,0.380983555,0.402964136,0.839471131,0.692564885,0.7002024
0.488886025,0.380033086,0.4020138,0.837574666,0.690850631,0.698582663
0.487800434,0.379081724,0.401062547,0.835676327,0.68913476,0.696961346
0.486713767,0.378129474,0.400110382,0.833776122,0.687417279,0.695338454
0.485626027,0.37717634,0.399157309,0.83187406,0.685698197,0.693713997
0.48453722,0.376222327,0.398203332,0.829970149,0.683977521,0.69208798
0.48344735,0.375267438,0.397248456,0.828064399,0.682255259,0.690460412
0.482356424,0.374311678,0.396292684,0.826156817,0.680531418,0.6888313
0.481264445,0.373355052,0.395336022,0.824247413,0.678806008,0.68720065
0.480171418,0.372397564,0.394378474,0.822336195,0.677079035,0.685568472
0.479077349,0.371439218,0.393420044,0.820423171,0.675350507,0.683934772
0.477982242,0.370480019,0.392460737,0.818508351,0.673620433,0.682299557
0.476886103,0.36951997,0.391500556,0.816591743,0.67188882,0.680662835
0.475788936,0.368559077,0.390539507,0.814673356,0.670155677,0.679024613
0.474690747,0.367597344,0.389577593,0.812753199,0.668421011,0.6773849
0.47359154,0.366634776,0.38861482,0.81083128,0.66668483,0.675743702
0.472491321,0.365671376,0.387651191,0.808907608,0.664947142,0.674101027
0.471390095,0.364707149,0.386686711,0.806982193,0.663207955,0.672456882
0.470287865,0.363742099,0.385721385,0.805055042,0.661467277,0.670811275
0.469184639,0.362776232,0.384755216,0.803126164,0.659725117,0.669164214
0.46808042,0.361809552,0.38378821,0.801195569,0.657981482,0.667515706
0.466975214,0.360842062,0.382820371,0.799263265,0.65623638,0.665865759
0.465869025,0.359873767,0.381851703,0.797329261,0.654489819,0.66421438
0.464761859,0.358904673,0.38088221,0.795393566,0.652741808,0.662561576
0.463653722,0.357934783,0.379911898,0.793456189,0.650992354,0.660907356
0.462544617,0.356964102,0.378940771,0.791517139,0.649241465,0.659251727
0.46143455,0.355992634,0.377968833,0.789576424,0.647489151,0.657594697
0.460323527,0.355020385,0.376996089,0.787634054,0.645735418,0.655936273
0.459211551,0.354047357,0.376022543,0.785690038,0.643980274,0.654276463
0.45809863,0.353073557,0.3750482,0.783744383,0.642223729,0.652615275
0.456984766,0.352098988,0.374073064,0.781797101,0.64046579,0.650952716
0.455869967,0.351123655,0.373097139,0.779848198,0.638706466,0.649288794
0.454754236,0.350147563,0.372120432,0.777897685,0.636945763,0.647623516
0.453637579,0.349170716,0.371142945,0.77594557,0.635183692,0.645956891
0.452520002,0.348193118,0.370164683,0.773991863,0.633420259,0.644288926
0.451401509,0.347214775,0.369185652,0.772036572,0.631655474,0.642619629
0.450282105,0.346235691,0.368205855,0.770079707,0.629889344,0.640949007
0.449161796,0.34525587,0.367225298,0.768121276,0.628121877,0.639277069
0.448040586,0.344275316,0.366243984,0.766161289,0.626353082,0.637603822
0.446918482,0.343294036,0.365261918,0.764199755,0.624582968,0.635929274
0.445795488,0.342312032,0.364279106,0.762236682,0.622811542,0.634253432
0.44467161,0.341329311,0.363295551,0.760272081,0.621038812,0.632576305
0.443546852,0.340345876,0.362311258,0.758305959,0.619264788,0.630897901
0.44242122,0.339361731,0.361326232,0.756338327,0.617489477,0.629218226
0.44129472,0.338376883,0.360340477,0.754369193,0.615712887,0.62753729
0.440167355,0.337391334,0.359353999,0.752398566,0.613935028,0.625855099
0.439039133,0.336405091,0.358366801,0.750426457,0.612155907,0.624171662
0.437910057,0.335418157,0.357378888,0.748452873,0.610375533,0.622486986
0.436780134,0.334430537,0.356390265,0.746477824,0.608593913,0.62080108
0.435649368,0.333442236,0.355400937,0.74450132,0.606811058,0.619113952
0.434517764,0.332453259,0.354410908,0.74252337,0.605026974,0.617425608
0.433385329,0.33146361,0.353420183,0.740543982,0.60324167,0.615736058
0.432252067,0.330473294,0.352428767,0.738563167,0.601455156,0.614045309
0.431117984,0.329482315,0.351436664,0.736580933,0.599667438,0.612353369
0.429983085,0.328490679,0.350443879,0.734597289,0.597878526,0.610660246
0.428847375,0.32749839,0.349450417,0.732612246,0.596088429,0.608965949
0.42771086,0.326505452,0.348456282,0.730625812,0.594297154,0.607270484
0.426573545,0.325511871,0.347461479,0.728637997,0.59250471,0.60557386
0.425435435,0.324517651,0.346466013,0.72664881,0.590711106,0.603876085
0.424296536,0.323522797,0.345469889,0.72465826,0.58891635,0.602177167
0.423156853,0.322527314,0.344473111,0.722666357,0.58712045,0.600477114
0.422016391,0.321531206,0.343475684,0.72067311,0.585323416,0.598775934
0.420875156,0.320534478,0.342477613,0.718678529,0.583525256,0.597073636
0.419733153,0.319537135,0.341478902,0.716682623,0.581725978,0.595370226
0.418590388,0.318539181,0.340479557,0.714685402,0.579925591,0.593665714
0.417446865,0.317540623,0.339479582,0.712686874,0.578124104,0.591960107
0.416302592,0.316541463,0.338478981,0.71068705,0.576321524,0.590253414
0.415157572,0.315541707,0.33747776,0.708685938,0.574517862,0.588545642
0.414011811,0.31454136,0.336475924,0.706683549,0.572713125,0.5868368
0.412865315,0.313540427,0.335473477,0.704679892,0.570907322,0.585126896
0.411718088,0.312538912,0.334470424,0.702674976,0.569100462,0.583415938
0.410570138,0.31153682,0.33346677,0.700668811,0.567292553,0.581703934
0.409421468,0.310534157,0.332462519,0.698661406,0.565483604,0.579990892
0.408272085,0.309530926,0.331457677,0.696652771,0.563673624,0.578276821
0.407121994,0.308527133,0.330452248,0.694642916,0.561862622,0.576561728
0.405971201,0.307522782,0.329446238,0.69263185,0.560050606,0.574845623
0.40481971,0.306517879,0.32843965,0.690619583,0.558237584,0.573128512
0.403667527,0.305512428,0.32743249,0.688606124,0.556423567,0.571410405
0.402514659,0.304506435,0.326424763,0.686591483,0.554608562,0.569691309
0.40136111,0.303499903,0.325416473,0.68457567,0.552792578,0.567971233
0.400206886,0.302492838,0.324407626,0.682558694,0.550975624,0.566250185
0.399051992,0.301485245,0.323398226,0.680540565,0.549157709,0.564528174
0.397896434,0.300477129,0.322388279,0.678521292,0.547338841,0.562805207
0.396740218,0.299468494,0.321377788,0.676500886,0.54551903,0.561081293
0.395583349,0.298459346,0.320366759,0.674479355,0.543698284,0.559356441
0.394425833,0.297449689,0.319355197,0.672456711,0.541876613,0.557630657
0.393267674,0.296439528,0.318343107,0.670432962,0.540054024,0.555903952
0.39210888,0.295428869,0.317330494,0.668408118,0.538230527,0.554176333
0.390949455,0.294417715,0.316317362,0.666382189,0.536406131,0.552447809
0.389789404,0.293406073,0.315303717,0.664355184,0.534580844,0.550718388
0.388628735,0.292393947,0.314289564,0.662327114,0.532754676,0.548988078
0.387467451,0.291381342,0.313274907,0.660297989,0.530927636,0.547256887
0.386305559,0.290368263,0.312259751,0.658267817,0.529099732,0.545524825
0.385143065,0.289354714,0.311244101,0.65623661,0.527270973,0.543791899
0.383979973,0.288340702,0.310227963,0.654204376,0.525441368,0.542058119
0.38281629,0.28732623,0.309211341,0.652171126,0.523610927,0.540323491
0.381652021,0.286311305,0.308194241,0.65013687,0.521779658,0.538588026
0.380487173,0.28529593,0.307176666,0.648101616,0.51994757,0.536851731
0.379321749,0.284280111,0.306158623,0.646065376,0.518114672,0.535114614
0.378155757,0.283263853,0.305140117,0.64402816,0.516280974,0.533376685
0.376989202,0.282247161,0.304121151,0.641989976,0.514446484,0.531637952
0.375822089,0.281230039,0.303101732,0.639950835,0.512611211,0.529898422
0.374654425,0.280212494,0.302081864,0.637910747,0.510775165,0.528158106
0.373486214,0.27919453,0.301061552,0.635869723,0.508938353,0.526417011
0.372317464,0.278176151,0.300040801,0.633827771,0.507100787,0.524675145
0.371148178,0.277157364,0.299019617,0.631784901,0.505262474,0.522932518
0.369978363,0.276138173,0.297998005,0.629741125,0.503423424,0.521189138
0.368808026,0.275118582,0.296975968,0.627696452,0.501583646,0.519445014
0.36763717,0.274098599,0.295953514,0.625650891,0.499743148,0.517700153
0.366465803,0.273078226,0.294930645,0.623604454,0.497901941,0.515954565
0.36529393,0.27205747,0.293907369,0.621557149,0.496060033,0.514208259
0.364121557,0.271036335,0.292883689,0.619508988,0.494217433,0.512461242
0.362948689,0.270014827,0.291859611,0.617459979,0.492374151,0.510713524
0.361775333,0.268992951,0.29083514,0.615410134,0.490530196,0.508965113
0.360601493,0.267970711,0.289810281,0.613359462,0.488685576,0.507216018
0.359427176,0.266948113,0.288785039,0.611307974,0.486840302,0.505466247
0.358252388,0.265925163,0.28775942,0.609255679,0.484994382,0.503715809
0.357077134,0.264901864,0.286733427,0.607202588,0.483147826,0.501964714
0.355901421,0.263878223,0.285707068,0.605148711,0.481300643,0.500212968
0.354725253,0.262854244,0.284680345,0.603094058,0.479452842,0.498460582
0.353548637,0.261829933,0.283653266,0.601038639,0.477604432,0.496707564
0.352371579,0.260805295,0.282625834,0.598982464,0.475755423,0.494953923
0.351194085,0.259780334,0.281598055,0.596925544,0.473905824,0.493199667
0.350016159,0.258755057,0.280569935,0.594867889,0.472055645,0.491444805
0.348837809,0.257729467,0.279541478,0.592809509,0.470204894,0.489689346
0.34765904,0.256703572,0.278512689,0.590750414,0.468353581,0.487933298
0.346479858,0.255677374,0.277483574,0.588690614,0.466501715,0.486176672
0.345300268,0.254650881,0.276454138,0.586630121,0.464649306,0.484419474
0.344120277,0.253624097,0.275424386,0.584568944,0.462796363,0.482661714
0.342939891,0.252597027,0.274394323,0.582507093,0.460942896,0.480903402
0.341759115,0.251569676,0.273363955,0.580444579,0.459088913,0.479144545
0.340577955,0.25054205,0.272333286,0.578381412,0.457234424,0.477385153
0.339396418,0.249514154,0.271302322,0.576317602,0.455379439,0.475625234
0.338214509,0.248485993,0.270271068,0.57425316,0.453523967,0.473864797
0.337032233,0.247457572,0.26923953,0.572188096,0.451668018,0.472103852
0.335849598,0.246428897,0.268207712,0.570122421,0.449811601,0.470342406
0.334666609,0.245399973,0.26717562,0.568056144,0.447954725,0.46858047
0.333483271,0.244370805,0.266143259,0.565989277,0.4460974,0.466818051
0.332299591,0.243341398,0.265110634,0.563921829,0.444239635,0.465055159
0.331115575,0.242311758,0.264077751,0.561853812,0.44238144,0.463291803
0.329931229,0.24128189,0.263044615,0.559785235,0.440522825,0.461527991
0.328746559,0.2402518,0.262011231,0.557716109,0.438663798,0.459763733
0.32756157,0.239221492,0.260977604,0.555646445,0.43680437,0.457999037
0.326376269,0.238190971,0.25994374,0.553576252,0.43494455,0.456233913
0.325190661,0.237160244,0.258909643,0.551505542,0.433084348,0.45446837
0.324004753,0.236129315,0.25787532,0.549434325,0.431223772,0.452702416
0.322818551,0.23509819,0.256840776,0.547362612,0.429362834,0.45093606
0.32163206,0.234066875,0.255806016,0.545290412,0.427501541,0.449169312
0.320445287,0.233035373,0.254771044,0.543217737,0.425639905,0.44740218
0.319258238,0.232003692,0.253735867,0.541144597,0.423777934,0.445634674
0.318070919,0.230971835,0.25270049,0.539071003,0.421915638,0.443866803
0.316883335,0.229939809,0.251664919,0.536996964,0.420053027,0.442098575
0.315695494,0.228907619,0.250629157,0.534922493,0.418190111,0.44033
0.3145074,0.22787527,0.249593212,0.532847599,0.416326899,0.438561086
0.31331906,0.226842768,0.248557088,0.530772293,0.4144634,0.436791844
0.312130481,0.225810118,0.24752079,0.528696586,0.412599625,0.435022282
0.310941667,0.224777325,0.246484325,0.526620488,0.410735583,0.433252409
0.309752626,0.223744395,0.245447697,0.52454401,0.408871284,0.431482234
0.308563363,0.222711333,0.244410911,0.522467163,0.407006738,0.429711766
0.307373884,0.221678144,0.243373974,0.520389957,0.405141954,0.427941015
0.306184196,0.220644835,0.24233689,0.518312403,0.403276942,0.42616999
0.304994305,0.21961141,0.241299665,0.516234512,0.401411712,0.424398699
0.303804216,0.218577874,0.240262304,0.514156295,0.399546274,0.422627153
0.302613936,0.217544234,0.239224813,0.512077761,0.397680637,0.42085536
0.301423472,0.216510495,0.238187197,0.509998923,0.395814812,0.419083329
0.300232828,0.215476662,0.237149462,0.50791979,0.393948807,0.41731107
0.299042012,0.21444274,0.236111613,0.505840373,0.392082633,0.415538592
0.297851029,0.213408735,0.235073655,0.503760684,0.3902163,0.413765904
0.296659886,0.212374653,0.234035594,0.501680733,0.388349817,0.411993015
0.295468589,0.211340499,0.232997436,0.499600531,0.386483195,0.410219935
0.294277144,0.210306278,0.231959185,0.497520088,0.384616443,0.408446673
0.293085557,0.209271996,0.230920847,0.495439416,0.382749571,0.406673237
0.291893834,0.208237659,0.229882429,0.493358525,0.380882589,0.404899639
0.290701982,0.207203271,0.228843934,0.491277426,0.379015507,0.403125886
0.289510007,0.206168839,0.227805369,0.48919613,0.377148335,0.401351988
0.288317915,0.205134368,0.226766739,0.487114649,0.375281083,0.399577954
0.287125712,0.204099864,0.22572805,0.485032992,0.37341376,0.397803794
0.285933404,0.203065331,0.224689307,0.482951171,0.371546377,0.396029517
0.284740999,0.202030776,0.223650516,0.480869196,0.369678943,0.394255133
0.283548501,0.200996203,0.222611682,0.478787079,0.367811469,0.39248065
0.282355917,0.19996162,0.221572811,0.476704831,0.365943965,0.390706078
0.281163254,0.19892703,0.220533908,0.474622462,0.36407644,0.388931427
0.279970517,0.19789244,0.219494978,0.472539984,0.362208904,0.387156705
0.278777714,0.196857856,0.218456028,0.470457407,0.360341368,0.385381923
0.27758485,0.195823282,0.217417063,0.468374742,0.358473841,0.38360709
0.276391931,0.194788724,0.216378089,0.466292001,0.356606334,0.381832215
0.275198964,0.193754189,0.21533911,0.464209195,0.354738857,0.380057307
0.274005955,0.192719681,0.214300132,0.462126334,0.35287142,0.378282377
0.272812911,0.191685206,0.213261162,0.460043429,0.351004032,0.376507432
0.271619837,0.19065077,0.212222205,0.457960492,0.349136704,0.374732484
0.270426741,0.189616378,0.211183266,0.455877534,0.347269446,0.372957541
0.269233628,0.188582036,0.21014435,0.453794565,0.345402268,0.371182613
0.268040504,0.187547749,0.209105464,0.451711597,0.34353518,0.36940771
0.266847377,0.186513524,0.208066613,0.449628642,0.341668192,0.36763284
0.265654252,0.185479366,0.207027803,0.447545709,0.339801315,0.365858014
0.264461136,0.18444528,0.205989039,0.44546281,0.337934559,0.364083241
0.263268035,0.183411272,0.204950326,0.443379957,0.336067933,0.36230853
0.262074955,0.182377348,0.203911672,0.44129716,0.334201448,0.360533891
0.260881904,0.181343513,0.20287308,0.439214431,0.332335114,0.358759334
0.259688886,0.180309773,0.201834557,0.43713178,0.330468942,0.356984868
0.25849591,0.179276134,0.200796109,0.43504922,0.328602941,0.355210503
0.25730298,0.178242602,0.19975774,0.432966761,0.326737122,0.353436248
0.256110104,0.177209181,0.198719458,0.430884414,0.324871495,0.351662114
0.254917287,0.176175878,0.197681266,0.428802191,0.32300607,0.349888108
0.253724537,0.175142699,0.196643172,0.426720102,0.321140857,0.348114242
0.25253186,0.174109649,0.19560518,0.42463816,0.319275867,0.346340525
0.251339262,0.173076733,0.194567297,0.422556375,0.31741111,0.344566967
0.250146749,0.172043958,0.193529528,0.420474759,0.315546597,0.342793576
0.248954328,0.17101133,0.192491878,0.418393323,0.313682337,0.341020363
0.247762006,0.169978853,0.191454354,0.416312078,0.311818341,0.339247338
0.246569788,0.168946535,0.190416962,0.414231036,0.309954619,0.33747451
0.245377682,0.167914379,0.189379706,0.412150207,0.308091182,0.335701889
0.244185694,0.166882393,0.188342592,0.410069604,0.306228039,0.333929484
0.24299383,0.165850582,0.187305627,0.407989237,0.304365202,0.332157306
0.241802097,0.164818951,0.186268816,0.405909118,0.302502681,0.330385364
0.240610501,0.163787507,0.185232165,0.403829259,0.300640485,0.328613667
0.239419049,0.162756256,0.184195679,0.40174967,0.298778626,0.326842226
0.238227747,0.161725202,0.183159365,0.399670363,0.296917114,0.32507105
0.237036602,0.160694352,0.182123227,0.39759135,0.295055959,0.32330015
0.23584562,0.159663712,0.181087272,0.395512641,0.293195171,0.321529534
0.234654808,0.158633287,0.180051506,0.393434249,0.291334762,0.319759213
0.233464173,0.157603083,0.179015934,0.391356185,0.289474741,0.317989196
0.23227372,0.156573106,0.177980562,0.38927846,0.287615119,0.316219493
0.231083457,0.155543362,0.176945396,0.387201085,0.285755906,0.314450114
0.22989339,0.154513856,0.175910442,0.385124073,0.283897113,0.31268107
0.228703525,0.153484595,0.174875705,0.383047434,0.282038751,0.310912369
0.22751387,0.152455584,0.173841191,0.380971181,0.280180829,0.309144021
0.22632443,0.15142683,0.172806906,0.378895324,0.278323359,0.307376037
0.225135212,0.150398337,0.171772856,0.376819875,0.276466351,0.305608427
0.223946224,0.149370112,0.170739047,0.374744846,0.274609815,0.303841199
0.22275747,0.14834216,0.169705484,0.372670249,0.272753762,0.302074365
0.221568959,0.147314488,0.168672174,0.370596094,0.270898203,0.300307933
0.220380696,0.146287102,0.167639122,0.368522393,0.269043148,0.298541915
0.219192689,0.145260006,0.166606333,0.366449159,0.267188608,0.296776319
0.218004944,0.144233208,0.165573815,0.364376402,0.265334593,0.295011156
0.216817467,0.143206713,0.164541572,0.362304134,0.263481113,0.293246435
0.215630265,0.142180526,0.163509611,0.360232367,0.261628181,0.291482168
0.214443345,0.141154654,0.162477937,0.358161113,0.259775805,0.289718362
0.213256713,0.140129103,0.161446556,0.356090382,0.257923997,0.28795503
0.212070376,0.139103879,0.160415475,0.354020187,0.256072768,0.28619218
0.210884341,0.138078987,0.159384698,0.35195054,0.254222127,0.284429822
0.209698615,0.137054433,0.158354233,0.349881452,0.252372086,0.282667968
0.208513203,0.136030224,0.157324084,0.347812935,0.250522656,0.280906625
0.207328113,0.135006365,0.156294258,0.345745,0.248673846,0.279145805
0.206143352,0.133982862,0.155264761,0.343677659,0.246825669,0.277385518
0.204958925,0.132959722,0.154235598,0.341610924,0.244978134,0.275625774
0.203774841,0.131936949,0.153206775,0.339544807,0.243131252,0.273866582
0.202591105,0.130914551,0.152178299,0.337479319,0.241285034,0.272107953
0.201407724,0.129892532,0.151150176,0.335414472,0.239439491,0.270349897
0.200224705,0.1288709,0.15012241,0.333350278,0.237594633,0.268592424
0.199042055,0.127849659,0.149095009,0.331286749,0.235750471,0.266835544
0.19785978,0.126828817,0.148067977,0.329223896,0.233907016,0.265079267
0.196677887,0.125808378,0.147041322,0.327161732,0.232064279,0.263323603
0.195496383,0.12478835,0.146015049,0.325100268,0.23022227,0.261568563
0.194315274,0.123768737,0.144989164,0.323039515,0.228381001,0.259814156
0.193134568,0.122749546,0.143963672,0.320979487,0.226540482,0.258060392
0.191954271,0.121730783,0.142938581,0.318920194,0.224700724,0.256307283
0.19077439,0.120712454,0.141913896,0.316861649,0.222861738,0.254554837
0.189594931,0.119694565,0.140889622,0.314803863,0.221023534,0.252803066
0.188415902,0.118677122,0.139865766,0.312746848,0.219186124,0.251051979
0.187237309,0.117660131,0.138842334,0.310690616,0.217349519,0.249301586
0.186059159,0.116643598,0.137819332,0.30863518,0.215513729,0.247551898
0.184881459,0.115627529,0.136796766,0.30658055,0.213678764,0.245802925
0.183704215,0.114611931,0.135774642,0.304526739,0.211844637,0.244054678
0.182527435,0.113596808,0.134752966,0.302473759,0.210011358,0.242307165
0.181351125,0.112582168,0.133731744,0.300421622,0.208178938,0.240560398
0.180175292,0.111568016,0.132710981,0.29837034,0.206347388,0.238814387
0.178999943,0.110554359,0.131690685,0.296319925,0.204516718,0.237069143
0.177825085,0.109541202,0.130670861,0.294270388,0.202686941,0.235324674
0.176650724,0.108528552,0.129651515,0.292221742,0.200858066,0.233580992
0.175476868,0.107516414,0.128632653,0.290173998,0.199030105,0.231838107
0.174303523,0.106504796,0.127614281,0.28812717,0.197203068,0.23009603
0.173130696,0.105493702,0.126596405,0.286081268,0.195376967,0.22835477
0.171958394,0.104483139,0.125579032,0.284036305,0.193551813,0.226614338
0.170786624,0.103473113,0.124562167,0.281992293,0.191727616,0.224874744
0.169615393,0.102463631,0.123545817,0.279949244,0.189904389,0.223135999
0.168444707,0.101454698,0.122529988,0.27790717,0.188082141,0.221398112
0.167274574,0.10044632,0.121514685,0.275866083,0.186260884,0.219661095
0.166105001,0.0994385045,0.120499915,0.273825995,0.184440629,0.217924957
0.164935993,0.0984312564,0.119485683,0.271786919,0.182621387,0.21618971
0.163767559,0.0974245823,0.118471997,0.269748866,0.180803169,0.214455363
0.162599706,0.0964184883,0.117458862,0.267711849,0.178985986,0.212721926
0.161432439,0.0954129806,0.116446284,0.265675879,0.177169849,0.210989411
0.160265766,0.0944080653,0.11543427,0.26364097,0.17535477,0.209257828
0.159099695,0.0934037486,0.114422825,0.261607132,0.173540759,0.207527186
0.157934231,0.0924000367,0.113411955,0.259574379,0.171727828,0.205797497
0.156769382,0.0913969358,0.112401668,0.257542722,0.169915988,0.204068771
0.155605155,0.0903944521,0.111391968,0.255512174,0.16810525,0.202341018
0.154441557,0.0893925917,0.110382862,0.253482747,0.166295625,0.200614249
0.153278594,0.088391361,0.109374357,0.251454452,0.164487124,0.198888475
0.152116274,0.087390766,0.108366458,0.249427303,0.162679758,0.197163705
0.150954604,0.0863908131,0.107359172,0.247401312,0.16087354,0.19543995
0.149793591,0.0853915083,0.106352504,0.24537649,0.159068479,0.193717222
0.148633241,0.084392858,0.105346462,0.243352851,0.157264588,0.191995529
0.147473562,0.0833948684,0.10434105,0.241330406,0.155461876,0.190274883
0.146314561,0.0823975458,0.103336276,0.239309167,0.153660357,0.188555295
0.145156245,0.0814008963,0.102332146,0.237289148,0.15186004,0.186836775
0.14399862,0.0804049262,0.101328665,0.235270359,0.150060937,0.185119333
0.142841694,0.0794096418,0.10032584,0.233252815,0.14826306,0.18340298
0.141685474,0.0784150494,0.099323677,0.231236526,0.146466419,0.181687726
0.140529966,0.0774211551,0.0983221826,0.229221505,0.144671027,0.179973583
0.139375179,0.0764279654,0.0973213628,0.227207765,0.142876893,0.17826056
0.138221118,0.0754354864,0.0963212238,0.225195318,0.141084031,0.176548669
0.137067792,0.0744437244,0.0953217719,0.223184177,0.13929245,0.17483792
0.135915206,0.0734526858,0.0943230133,0.221174353,0.137502162,0.173128323
0.134763369,0.0724623768,0.0933249542,0.219165859,0.135713179,0.171419889
0.133612286,0.0714728037,0.092327601,0.217158708,0.133925512,0.16971263
0.132461966,0.0704839729,0.0913309598,0.215152912,0.132139172,0.168006554
0.131312416,0.0694958906,0.090335037,0.213148483,0.130354171,0.166301674
0.130163641,0.0685085632,0.0893398388,0.211145434,0.12857052,0.164597999
0.129015651,0.067521997,0.0883453715,0.209143777,0.126788231,0.162895541
0.12786845,0.0665361983,0.0873516413,0.207143525,0.125007314,0.16119431
0.126722048,0.0655511735,0.0863586546,0.205144691,0.123227782,0.159494317
0.125576451,0.0645669289,0.0853664176,0.203147286,0.121449645,0.157795572
0.124431665,0.0635834709,0.0843749366,0.201151323,0.119672916,0.156098087
0.123287699,0.0626008057,0.083384218,0.199156815,0.117897605,0.154401871
0.122144559,0.0616189398,0.0823942681,0.197163774,0.116123724,0.152706936
0.121002252,0.0606378795,0.081405093,0.195172213,0.114351285,0.151013293
0.119860786,0.0596576313,0.0804166993,0.193182145,0.112580298,0.149320951
0.118720167,0.0586782014,0.0794290932,0.191193581,0.110810777,0.147629923
0.117580404,0.0576995962,0.078442281,0.189206534,0.109042731,0.145940218
0.116441502,0.0567218222,0.077456269,0.187221018,0.107276173,0.144251848
0.115303469,0.0557448857,0.0764710637,0.185237044,0.105511114,0.142564822
0.114166313,0.0547687932,0.0754866713,0.183254626,0.103747565,0.140879153
0.113030041,0.053793551,0.0745030982,0.181273775,0.101985538,0.139194851
0.111894659,0.0528191655,0.0735203508,0.179294504,0.100225046,0.137511926
0.110760175,0.0518456432,0.0725384353,0.177316827,0.0984660979,0.135830389
0.109626596,0.0508729904,0.0715573583,0.175340755,0.096708707,0.134150252
0.108493929,0.0499012137,0.070577126,0.173366301,0.0949528845,0.132471525
0.107362182,0.0489303193,0.0695977448,0.171393479,0.0931986419,0.130794219
0.106231362,0.0479603139,0.0686192211,0.1694223,0.0914459909,0.129118345
0.105101476,0.0469912038,0.0676415614,0.167452777,0.089694943,0.127443913
0.10397253,0.0460229954,0.0666647719,0.165484923,0.0879455099,0.125770935
0.102844534,0.0450556952,0.0656888591,0.163518751,0.0861977032,0.124099421
0.101717493,0.0440893097,0.0647138294,0.161554274,0.0844515346,0.122429383
0.100591415,0.0431238454,0.0637396891,0.159591503,0.0827070156,0.120760831
0.0994663067,0.0421593086,0.0627664448,0.157630452,0.080964158,0.119093776
0.0983421762,0.0411957059,0.0617941029,0.155671134,0.0792229735,0.117428229
0.0972190304,0.0402330438,0.0608226696,0.153713561,0.0774834736,0.115764201
0.0960968766,0.0392713288,0.0598521516,0.151757746,0.0757456702,0.114101703
0.094975722,0.0383105672,0.0588825552,0.149803703,0.0740095749,0.112440745
0.0938555739,0.0373507658,0.0579138868,0.147851442,0.0722751993,0.11078134
0.0927364396,0.0363919308,0.0569461529,0.145900978,0.0705425553,0.109123497
0.0916183264,0.0354340689,0.05597936,0.143952324,0.0688116546,0.107467228
0.0905012416,0.0344771866,0.0550135145,0.142005491,0.0670825089,0.105812544
0.0893851925,0.0335212903,0.0540486229,0.140060494,0.0653551299,0.104159455
0.0882701865,0.0325663867,0.0530846915,0.138117344,0.0636295294,0.102507974
0.0871562307,0.0316124822,0.052121727,0.136176054,0.0619057192,0.100858109
0.0860433326,0.0306595834,0.0511597358,0.134236638,0.060183711,0.0992098741
0.0849314995,0.0297076968,0.0501987243,0.132299108,0.0584635167,0.0975632786
0.0838207387,0.0287568289,0.0492386991,0.130363478,0.0567451481,0.0959183338
0.0827110575,0.0278069864,0.0482796666,0.128429759,0.0550286169,0.0942750509
0.0816024633,0.0268581757,0.0473216333,0.126497966,0.053313935,0.0926334409
0.0804949635,0.0259104035,0.0463646057,0.12456811,0.0516011142,0.0909935149
0.0793885654,0.0249636763,0.0454085904,0.122640205,0.0498901663,0.0893552839
0.0782832763,0.0240180006,0.0444535939,0.120714263,0.0481811032,0.087718759
0.0771791037,0.0230733831,0.0434996226,0.118790299,0.0464739368,0.0860839513
0.0760760549,0.0221298304,0.0425466831,0.116868323,0.0447686789,0.084450872
0.0749741372,0.021187349,0.0415947819,0.114948351,0.0430653414,0.082819532
0.0738733581,0.0202459455,0.0406439256,0.113030393,0.0413639361,0.0811899426
0.072773725,0.0193056265,0.0396941206,0.111114465,0.0396644751,0.0795621149
0.0716752452,0.0183663987,0.0387453736,0.109200577,0.0379669701,0.0779360599
0.0705779262,0.0174282686,0.037797691,0.107288744,0.0362714332,0.0763117888
0.0694817753,0.0164912429,0.0368510795,0.105378979,0.0345778761,0.0746893128
0.0683868,0.0155553282,0.0359055456,0.103471294,0.0328863109,0.0730686431
0.0672930077,0.014620531,0.0349610958,0.101565703,0.0311967496,0.0714497908
0.0662004058,0.0136868582,0.0340177367,0.0996622176,0.029509204,0.069832767
0.0651090018,0.0127543162,0.0330754749,0.0977608523,0.0278236861,0.068217583
0.064018803,0.0118229117,0.032134317,0.0958616197,0.026140208,0.06660425
0.0629298169,0.0108926514,0.0311942695,0.0939645327,0.0244587815,0.0649927792
0.0618420511,0.00996354197,0.030255339,0.0920696046,0.0227794188,0.0633831817
0.0607555128,0.00903559001,0.0293175322,0.0901768483,0.0211021317,0.0617754688
0.0596702096,0.0081088022,0.0283808556,0.088286277,0.0194269323,0.0601696518
0.058586149,0.00718318522,0.0274453158,0.0863979038,0.0177538327,0.0585657418
0.0575033383,0.00625874574,0.0265109195,0.0845117418,0.0160828448,0.0569637501
0.0564217851,0.00533549044,0.0255776732,0.0826278042,0.0144139807,0.055363688
0.0553414969,0.00441342601,0.0246455836,0.080746104,0.0127472525,0.0537655667
0.0542624812,0.00349255915,0.0237146572,0.0788666545,0.0110826722,0.0521693975
0.0531847454,0.00257289654,0.0227849008,0.0769894687,0.00942025183,0.0505751917
0.052108297,0.00165444489,0.0218563209,0.07511456,0.00776000357,0.0489829606
0.0510331435,0.000737210907,0.0209289242,0.0732419413,0.00610193948,0.0473927154
0.0499592925,0.339863431,0.0200027173,0.071371626,0.00444607164,0.0458044675
0.0488867514,0.338911979,0.0190777069,0.0695036271,0.00279241217,0.0442182282
0.0478155279,0.33796076,0.0181538996,0.0676379581,0.00114097318,0.0426340089
0.0467456293,0.337009778,0.0172313021,0.0657746319,0.615090574,0.0410518207
0.0456770632,0.336059038,0.016309921,0.063913662,0.613368971,0.0394716752
0.0446098372,0.335108545,0.0153897631,0.0620550614,0.611647799,0.0378935836
0.0435439588,0.334158302,0.0144708349,0.0601988435,0.609927065,0.0363175573
0.0424794355,0.333208316,0.0135531432,0.0583450215,0.608206777,0.0347436076
0.0414162749,0.332258589,0.0126366946,0.0564936088,0.606486944,0.033171746
0.0403544846,0.331309127,0.0117214959,0.0546446184,0.604767574,0.0316019838
0.0392940721,0.330359933,0.0108075536,0.0527980639,0.603048674,0.0300343324
0.038235045,0.329411014,0.00989487463,0.0509539584,0.601330254,0.0284688032
0.0371774108,0.328462373,0.00898346553,0.0491123152,0.59961232,0.0269054077
0.0361211772,0.327514014,0.00807333305,0.0472731477,0.597894882,0.0253441572
0.0350663516,0.326565943,0.0071644839,0.0454364692,0.596177948,0.0237850631
0.0340129418,0.325618163,0.00625692479,0.043602293,0.594461526,0.0222281369
0.0329609553,0.32467068,0.00535066246,0.0417706325,0.592745623,0.0206733901
0.0319103996,0.323723497,0.00444570361,0.0399415011,0.591030249,0.0191208341
0.0308612825,0.32277662,0.00354205499,0.038114912,0.589315411,0.0175704803
0.0298136115,0.321830054,0.00263972332,0.0362908787,0.587601118,0.0160223402
0.0287673942,0.320883801,0.00173871536,0.0344694146,0.585887378,0.0144764253
0.0277226382,0.319937868,0.000839037827,0.032650533,0.584174198,0.0129327471
0.0266793512,0.318992259,0.311498407,0.0308342473,0.582461588,0.0113913171
0.0256375408,0.318046977,0.310591671,0.0290205711,0.580749556,0.00985214674
0.0245972147,0.317102029,0.309685244,0.0272095176,0.57903811,0.00831524755
0.0235583804,0.316157418,0.308779131,0.0254011003,0.577327258,0.00678063105
0.0225210457,0.31521315,0.307873334,0.0235953327,0.575617008,0.00524830877
0.0214852182,0.314269227,0.30696786,0.0217922282,0.573907369,0.00371829225
0.0204509055,0.313325657,0.306062712,0.0199918003,0.572198348,0.00219059303
0.0194181153,0.312382442,0.305157895,0.0181940624,0.570489955,0.000665222648
0.0183868552,0.311439587,0.304253412,0.0163990281,0.568782198,0.536941861
0.017357133,0.310497097,0.303349269,0.0146067107,0.567075085,0.535379931
0.0163289564,0.309554978,0.30244547,0.0128171239,0.565368623,0.533818551
0.0153023329,0.308613232,0.301542019,0.0110302811,0.563662823,0.532257729
0.0142772703,0.307671865,0.30063892,0.00924619583,0.561957691,0.530697472
0.0132537764,0.306730882,0.299736179,0.00746488163,0.560253236,0.529137788
0.0122318587,0.305790287,0.298833798,0.00568635204,0.558549467,0.527578685
0.011211525,0.304850085,0.297931784,0.00391062059,0.556846391,0.52602017
0.010192783,0.30391028,0.29703014,0.00213770084,0.555144018,0.52446225
0.00917564049,0.302970877,0.29612887,0.000367606366,0.553442356,0.522904933
0.00816010508,0.302031881,0.295227979,0.612586884,0.551741412,0.521348226
0.00714618453,0.301093296,0.294327471,0.610782281,0.550041196,0.519792138
0.00613388658,0.300155128,0.293427351,0.608978377,0.548341715,0.518236675
0.00512321897,0.29921738,0.292527624,0.607175182,0.546642979,0.516681845
0.00411418943,0.298280057,0.291628293,0.605372705,0.544944995,0.515127656
0.00310680572,0.297343164,0.290729363,0.603570953,0.543247771,0.513574115
0.00210107557,0.296406706,0.289830838,0.601769937,0.541551318,0.51202123
0.00109700676,0.295470687,0.288932724,0.599969664,0.539855641,0.510469008
9.46070352e-05,0.294535112,0.288035024,0.598170143,0.538160752,0.508917457
0.332860234,0.293599985,0.287137742,0.596371384,0.536466656,0.507366585
0.331859937,0.292665312,0.286240884,0.594573394,0.534773364,0.505816398
0.330860074,0.291731097,0.285344453,0.592776182,0.533080883,0.504266906
0.329860649,0.290797345,0.284448455,0.590979758,0.531389222,0.502718114
0.328861669,0.28986406,0.283552893,0.58918413,0.529698389,0.501170031
0.327863137,0.288931247,0.282657772,0.587389306,0.528008393,0.499622665
0.326865058,0.287998911,0.281763097,0.585595296,0.526319243,0.498076023
0.325867438,0.287067056,0.280868872,0.583802108,0.524630946,0.496530112
0.324870281,0.286135688,0.279975101,0.582009751,0.522943511,0.494984941
0.323873592,0.28520481,0.279081789,0.580218234,0.521256948,0.493440516
0.322877376,0.284274428,0.27818894,0.578427565,0.519571263,0.491896847
0.321881638,0.283344546,0.277296559,0.576637754,0.517886466,0.490353939
0.320886383,0.28241517,0.276404651,0.574848809,0.516202566,0.488811801
0.319891615,0.281486303,0.275513219,0.573060738,0.51451957,0.487270441
0.318897339,0.28055795,0.274622268,0.571273552,0.512837488,0.485729866
0.317903561,0.279630117,0.273731804,0.569487258,0.511156327,0.484190083
0.316910286,0.278702807,0.272841829,0.567701865,0.509476097,0.482651102
0.315917517,0.277776027,0.27195235,0.565917383,0.507796805,0.481112928
0.314925261,0.27684978,0.271063369,0.56413382,0.506118461,0.47957557
0.313933522,0.275924071,0.270174893,0.562351185,0.504441074,0.478039036
0.312942304,0.274998904,0.269286924,0.560569486,0.50276465,0.476503333
0.311951614,0.274074286,0.268399469,0.558788733,0.5010892,0.474968468
0.310961455,0.27315022,0.26751253,0.557008935,0.499414732,0.473434451
0.309971833,0.272226711,0.266626114,0.5552301,0.497741254,0.471901288
0.308982752,0.271303764,0.265740224,0.553452237,0.496068774,0.470368986
0.307994218,0.270381384,0.264854864,0.551675355,0.494397303,0.468837555
0.307006236,0.269459575,0.263970041,0.549899463,0.492726847,0.467307001
0.30601881,0.268538343,0.263085756,0.548124571,0.491057416,0.465777332
0.305031945,0.267617692,0.262202017,0.546350685,0.489389019,0.464248556
0.304045646,0.266697626,0.261318826,0.544577817,0.487721663,0.462720681
0.303059919,0.265778151,0.260436189,0.542805974,0.486055358,0.461193715
0.302074768,0.264859272,0.25955411,0.541035166,0.484390112,0.459667664
0.301090198,0.263940992,0.258672593,0.539265401,0.482725934,0.458142538
0.300106214,0.263023318,0.257791644,0.537496689,0.481062833,0.456618343
0.299122821,0.262106253,0.256911266,0.535729038,0.479400816,0.455095088
0.298140024,0.261189803,0.256031465,0.533962458,0.477739894,0.45357278
0.297157829,0.260273973,0.255152244,0.532196956,0.476080074,0.452051427
0.296176239,0.259358766,0.254273609,0.530432543,0.474421365,0.450531037
0.29519526,0.258444189,0.253395563,0.528669227,0.472763776,0.449011617
0.294214897,0.257530246,0.252518113,0.526907017,0.471107316,0.447493176
0.293235155,0.256616941,0.251641261,0.525145922,0.469451993,0.445975721
0.292256038,0.25570428,0.250765013,0.523385951,0.467797816,0.444459261
0.291277553,0.254792267,0.249889373,0.521627114,0.466144793,0.442943802
0.290299703,0.253880907,0.249014345,0.519869418,0.464492934,0.441429353
0.289322495,0.252970205,0.248139936,0.518112874,0.462842247,0.439915921
0.288345932,0.252060166,0.247266148,0.51635749,0.461192741,0.438403515
0.28737002,0.251150795,0.246392986,0.514603274,0.459544424,0.436892142
0.286394763,0.250242096,0.245520456,0.512850237,0.457897306,0.43538181
0.285420168,0.249334074,0.244648562,0.511098387,0.456251395,0.433872526
0.284446239,0.248426735,0.243777308,0.509347734,0.454606699,0.4323643
0.28347298,0.247520083,0.242906698,0.507598285,0.452963228,0.430857138
0.282500397,0.246614123,0.242036739,0.505850051,0.451320991,0.429351049
0.281528496,0.24570886,0.241167433,0.50410304,0.449679995,0.42784604
0.28055728,0.244804298,0.240298787,0.502357262,0.448040251,0.426342119
0.279586755,0.243900443,0.239430803,0.500612725,0.446401766,0.424839294
0.278616926,0.242997299,0.238563488,0.498869439,0.444764549,0.423337573
0.277647798,0.242094872,0.237696845,0.497127412,0.44312861,0.421836964
0.276679376,0.241193166,0.23683088,0.495386654,0.441493957,0.420337475
0.275711666,0.240292185,0.235965596,0.493647174,0.439860599,0.418839114
0.274744671,0.239391936,0.235100999,0.491908981,0.438228544,0.417341888
0.273778398,0.238492423,0.234237093,0.490172083,0.436597802,0.415845805
0.272812851,0.23759365,0.233373883,0.488436491,0.434968381,0.414350874
0.271848035,0.236695624,0.232511373,0.486702213,0.433340291,0.412857103
0.270883956,0.235798347,0.231649568,0.484969259,0.43171354,0.411364499
0.269920618,0.234901826,0.230788473,0.483237637,0.430088136,0.409873069
0.268958026,0.234006066,0.229928092,0.481507356,0.428464089,0.408382823
0.267996186,0.233111071,0.229068431,0.479778427,0.426841408,0.406893769
0.267035103,0.232216846,0.228209493,0.478050857,0.425220101,0.405405913
0.266074781,0.231323396,0.227351283,0.476324656,0.423600178,0.403919264
0.265115227,0.230430726,0.226493806,0.474599834,0.421981647,0.40243383
0.264156444,0.229538842,0.225637067,0.472876398,0.420364517,0.400949619
0.263198438,0.228647747,0.22478107,0.47115436,0.418748797,0.399466639
0.262241214,0.227757447,0.22392582,0.469433727,0.417134496,0.397984898
0.261284777,0.226867946,0.223071322,0.467714509,0.415521623,0.396504404
0.260329132,0.225979251,0.22221758,0.465996715,0.413910187,0.395025165
0.259374285,0.225091365,0.221364599,0.464280355,0.412300196,0.393547189
0.25842024,0.224204294,0.220512384,0.462565437,0.41069166,0.392070483
0.257467002,0.223318043,0.219660939,0.46085197,0.409084587,0.390595056
0.256514578,0.222432616,0.218810269,0.459139965,0.407478987,0.389120917
0.25556297,0.221548018,0.217960379,0.45742943,0.405874869,0.387648072
0.254612186,0.220664255,0.217111273,0.455720374,0.40427224,0.38617653
0.25366223,0.219781331,0.216262957,0.454012807,0.402671111,0.384706299
0.252713107,0.218899252,0.215415434,0.452306737,0.401071491,0.383237387
0.251764822,0.218018022,0.21456871,0.450602175,0.399473387,0.381769803
0.25081738,0.217137647,0.213722789,0.448899129,0.39787681,0.380303553
0.249870787,0.216258131,0.212877677,0.447197608,0.396281769,0.378838646
0.248925047,0.215379479,0.212033376,0.445497623,0.394688271,0.377375091
0.247980166,0.214501696,0.211189894,0.443799182,0.393096327,0.375912895
0.247036149,0.213624788,0.210347233,0.442102293,0.391505944,0.374452066
0.246093001,0.212748759,0.209505399,0.440406968,0.389917133,0.372992612
0.245150727,0.211873615,0.208664397,0.438713215,0.388329903,0.371534542
0.244209332,0.210999359,0.207824231,0.437021043,0.386744261,0.370077864
0.243268822,0.210125998,0.206984906,0.435330461,0.385160218,0.368622585
0.242329201,0.209253537,0.206146427,0.433641479,0.383577782,0.367168714
0.241390475,0.208381979,0.205308798,0.431954107,0.381996963,0.365716259
0.240452649,0.207511331,0.204472025,0.430268353,0.380417769,0.364265227
0.239515728,0.206641598,0.203636111,0.428584226,0.37884021,0.362815628
0.238579718,0.205772783,0.202801063,0.426901737,0.377264294,0.361367469
0.237644622,0.204904894,0.201966884,0.425220895,0.37569003,0.359920758
0.236710448,0.204037933,0.201133579,0.423541708,0.374117429,0.358475504
0.235777199,0.203171907,0.200301153,0.421864186,0.372546498,0.357031714
0.234844881,0.202306821,0.19946961,0.420188339,0.370977247,0.355589396
0.233913499,0.201442679,0.198638957,0.418514176,0.369409685,0.35414856
